store_id,item_id,wm_yr_wk,sell_price
CA_1,FOODS_1_057,11501,5.27
CA_1,FOODS_1_057,11502,5.23
CA_1,FOODS_1_057,11503,5.27
CA_1,FOODS_1_057,11504,5.54
CA_1,FOODS_1_057,11505,5.2
CA_1,FOODS_1_057,11506,5.23
CA_1,FOODS_1_057,11507,5.23
CA_1,FOODS_1_057,11508,5.37
CA_1,FOODS_1_057,11509,5.26
CA_1,FOODS_1_057,11510,5.02
CA_1,FOODS_1_057,11511,4.99
CA_1,FOODS_1_057,11512,5.36
CA_1,FOODS_1_057,11513,5.26
CA_1,FOODS_1_057,11514,5.18
CA_1,FOODS_1_057,11515,5.12
CA_1,FOODS_1_057,11516,5.45
CA_1,FOODS_1_057,11517,5.25
CA_1,FOODS_1_057,11518,5.29
CA_1,FOODS_1_057,11519,5.33
CA_1,FOODS_1_057,11520,5.28
CA_1,FOODS_1_057,11521,5.17
CA_1,FOODS_1_057,11522,5.2
CA_1,FOODS_1_057,11523,5.31
CA_1,FOODS_1_057,11524,5.34
CA_1,FOODS_1_057,11525,5.36
CA_1,FOODS_1_057,11526,5.12
CA_1,FOODS_1_057,11527,5.25
CA_1,FOODS_1_057,11528,5.12
CA_1,FOODS_1_057,11529,5.21
CA_1,FOODS_1_057,11530,5.19
CA_1,FOODS_1_057,11531,5.22
CA_1,FOODS_1_057,11532,5.34
CA_1,FOODS_1_057,11533,5.11
CA_1,FOODS_1_057,11534,5.48
CA_1,FOODS_1_057,11535,5.39
CA_1,FOODS_1_057,11536,5.01
CA_1,FOODS_1_057,11537,5.26
CA_1,FOODS_1_057,11538,5.07
CA_1,FOODS_1_057,11539,5.27
CA_1,FOODS_1_057,11540,5.04
CA_1,FOODS_1_057,11541,5.37
CA_1,FOODS_1_057,11542,5.38
CA_1,FOODS_1_057,11543,5.16
CA_1,FOODS_1_057,11544,5.24
CA_1,FOODS_1_057,11545,5.06
CA_1,FOODS_1_057,11546,5.15
CA_1,FOODS_1_057,11547,5.2
CA_1,FOODS_1_057,11548,5.02
CA_1,FOODS_1_057,11549,5.43
CA_1,FOODS_1_057,11550,5.24
CA_1,FOODS_1_057,11551,5.38
CA_1,FOODS_1_057,11552,5.2
CA_1,FOODS_1_057,11553,5.13
CA_1,FOODS_1_057,11554,5.23
CA_1,FOODS_1_057,11555,5.34
CA_1,FOODS_1_057,11556,5.13
CA_1,FOODS_1_057,11557,5.25
CA_1,FOODS_1_057,11558,5.14
CA_1,FOODS_1_057,11559,4.94
CA_1,FOODS_1_057,11560,5.17
CA_1,FOODS_1_057,11561,5.24
CA_1,FOODS_1_057,11562,5.22
CA_1,FOODS_1_057,11563,5.18
CA_1,FOODS_1_057,11564,5.23
CA_1,FOODS_1_057,11565,5.14
CA_1,FOODS_1_057,11566,5.28
CA_1,FOODS_1_057,11567,5.16
CA_1,FOODS_1_057,11568,5.33
CA_1,FOODS_1_057,11569,5.04
CA_1,FOODS_1_057,11570,5.23
CA_1,FOODS_1_057,11571,5.28
CA_1,FOODS_1_057,11572,5.38
CA_1,FOODS_1_057,11573,5.15
CA_1,FOODS_1_057,11574,5.37
CA_1,FOODS_1_057,11575,5.28
CA_1,FOODS_1_057,11576,5.44
CA_1,FOODS_1_057,11577,5.03
CA_1,FOODS_1_057,11578,5.25
CA_1,FOODS_1_057,11579,5.21
CA_1,FOODS_1_057,11580,5.24
CA_1,FOODS_1_057,11581,5.33
CA_1,FOODS_1_057,11582,5.4
CA_1,FOODS_1_057,11583,5.26
CA_1,FOODS_1_057,11584,5.01
CA_1,FOODS_1_057,11585,5.17
CA_1,FOODS_1_057,11586,5.63
CA_1,FOODS_1_057,11587,5.09
CA_1,FOODS_1_057,11588,5.24
CA_1,FOODS_1_057,11589,5.31
CA_1,FOODS_1_057,11590,5.35
CA_1,FOODS_1_057,11591,5.14
CA_1,FOODS_1_057,11592,5.41
CA_1,FOODS_1_057,11593,5.38
CA_1,FOODS_1_057,11594,5.28
CA_1,FOODS_1_057,11595,5.1
CA_1,FOODS_1_057,11596,5.14
CA_1,FOODS_1_057,11597,5.13
CA_1,FOODS_1_057,11598,5.19
CA_1,FOODS_1_057,11599,5.4
CA_1,FOODS_1_057,11600,5.26
CA_1,FOODS_1_057,11601,5.3
CA_1,FOODS_1_057,11602,5.24
CA_1,FOODS_1_057,11603,5.42
CA_1,FOODS_1_057,11604,5.01
CA_1,FOODS_1_057,11605,4.72
TX_1,FOODS_1_057,11501,16.06
TX_1,FOODS_1_057,11502,16.05
TX_1,FOODS_1_057,11503,15.79
TX_1,FOODS_1_057,11504,15.54
TX_1,FOODS_1_057,11505,16.03
TX_1,FOODS_1_057,11506,15.92
TX_1,FOODS_1_057,11507,16.16
TX_1,FOODS_1_057,11508,16.35
TX_1,FOODS_1_057,11509,16.54
TX_1,FOODS_1_057,11510,16.4
TX_1,FOODS_1_057,11511,16.06
TX_1,FOODS_1_057,11512,16.25
TX_1,FOODS_1_057,11513,15.6
TX_1,FOODS_1_057,11514,15.73
TX_1,FOODS_1_057,11515,16.76
TX_1,FOODS_1_057,11516,16.49
TX_1,FOODS_1_057,11517,15.48
TX_1,FOODS_1_057,11518,15.79
TX_1,FOODS_1_057,11519,16.82
TX_1,FOODS_1_057,11520,15.76
TX_1,FOODS_1_057,11521,15.33
TX_1,FOODS_1_057,11522,15.87
TX_1,FOODS_1_057,11523,15.88
TX_1,FOODS_1_057,11524,16.54
TX_1,FOODS_1_057,11525,16.43
TX_1,FOODS_1_057,11526,15.89
TX_1,FOODS_1_057,11527,16.06
TX_1,FOODS_1_057,11528,16.21
TX_1,FOODS_1_057,11529,16.38
TX_1,FOODS_1_057,11530,15.94
TX_1,FOODS_1_057,11531,16.21
TX_1,FOODS_1_057,11532,16.67
TX_1,FOODS_1_057,11533,16.03
TX_1,FOODS_1_057,11534,16.15
TX_1,FOODS_1_057,11535,16.34
TX_1,FOODS_1_057,11536,15.86
TX_1,FOODS_1_057,11537,15.74
TX_1,FOODS_1_057,11538,16.25
TX_1,FOODS_1_057,11539,16.33
TX_1,FOODS_1_057,11540,16.06
TX_1,FOODS_1_057,11541,15.84
TX_1,FOODS_1_057,11542,15.91
TX_1,FOODS_1_057,11543,16.2
TX_1,FOODS_1_057,11544,15.62
TX_1,FOODS_1_057,11545,16.52
TX_1,FOODS_1_057,11546,16.72
TX_1,FOODS_1_057,11547,15.49
TX_1,FOODS_1_057,11548,16.32
TX_1,FOODS_1_057,11549,16.41
TX_1,FOODS_1_057,11550,16.45
TX_1,FOODS_1_057,11551,15.43
TX_1,FOODS_1_057,11552,15.96
TX_1,FOODS_1_057,11553,15.87
TX_1,FOODS_1_057,11554,16.0
TX_1,FOODS_1_057,11555,15.6
TX_1,FOODS_1_057,11556,16.79
TX_1,FOODS_1_057,11557,16.27
TX_1,FOODS_1_057,11558,15.68
TX_1,FOODS_1_057,11559,15.87
TX_1,FOODS_1_057,11560,16.66
TX_1,FOODS_1_057,11561,16.05
TX_1,FOODS_1_057,11562,16.61
TX_1,FOODS_1_057,11563,16.37
TX_1,FOODS_1_057,11564,15.55
TX_1,FOODS_1_057,11565,15.7
TX_1,FOODS_1_057,11566,15.62
TX_1,FOODS_1_057,11567,16.28
TX_1,FOODS_1_057,11568,16.86
TX_1,FOODS_1_057,11569,16.16
TX_1,FOODS_1_057,11570,16.05
TX_1,FOODS_1_057,11571,16.31
TX_1,FOODS_1_057,11572,16.06
TX_1,FOODS_1_057,11573,15.96
TX_1,FOODS_1_057,11574,16.17
TX_1,FOODS_1_057,11575,16.4
TX_1,FOODS_1_057,11576,15.89
TX_1,FOODS_1_057,11577,15.69
TX_1,FOODS_1_057,11578,16.48
TX_1,FOODS_1_057,11579,15.2
TX_1,FOODS_1_057,11580,15.56
TX_1,FOODS_1_057,11581,16.1
TX_1,FOODS_1_057,11582,16.45
TX_1,FOODS_1_057,11583,16.18
TX_1,FOODS_1_057,11584,15.86
TX_1,FOODS_1_057,11585,16.42
TX_1,FOODS_1_057,11586,15.78
TX_1,FOODS_1_057,11587,16.36
TX_1,FOODS_1_057,11588,15.91
TX_1,FOODS_1_057,11589,15.61
TX_1,FOODS_1_057,11590,16.38
TX_1,FOODS_1_057,11591,16.73
TX_1,FOODS_1_057,11592,15.93
TX_1,FOODS_1_057,11593,16.49
TX_1,FOODS_1_057,11594,15.3
TX_1,FOODS_1_057,11595,15.54
TX_1,FOODS_1_057,11596,15.7
TX_1,FOODS_1_057,11597,16.02
TX_1,FOODS_1_057,11598,16.28
TX_1,FOODS_1_057,11599,15.59
TX_1,FOODS_1_057,11600,15.71
TX_1,FOODS_1_057,11601,16.41
TX_1,FOODS_1_057,11602,15.74
TX_1,FOODS_1_057,11603,16.64
TX_1,FOODS_1_057,11604,15.79
TX_1,FOODS_1_057,11605,16.55
CA_1,FOODS_1_033,11501,20.65
CA_1,FOODS_1_033,11502,20.72
CA_1,FOODS_1_033,11503,20.67
CA_1,FOODS_1_033,11504,21.19
CA_1,FOODS_1_033,11505,19.48
CA_1,FOODS_1_033,11506,20.43
CA_1,FOODS_1_033,11507,20.7
CA_1,FOODS_1_033,11508,21.23
CA_1,FOODS_1_033,11509,20.31
CA_1,FOODS_1_033,11510,19.53
CA_1,FOODS_1_033,11511,19.31
CA_1,FOODS_1_033,11512,20.64
CA_1,FOODS_1_033,11513,19.93
CA_1,FOODS_1_033,11514,20.49
CA_1,FOODS_1_033,11515,19.95
CA_1,FOODS_1_033,11516,20.42
CA_1,FOODS_1_033,11517,21.61
CA_1,FOODS_1_033,11518,21.26
CA_1,FOODS_1_033,11519,20.6
CA_1,FOODS_1_033,11520,20.46
CA_1,FOODS_1_033,11521,20.15
CA_1,FOODS_1_033,11522,20.89
CA_1,FOODS_1_033,11523,20.42
CA_1,FOODS_1_033,11524,21.3
CA_1,FOODS_1_033,11525,20.67
CA_1,FOODS_1_033,11526,20.69
CA_1,FOODS_1_033,11527,19.74
CA_1,FOODS_1_033,11528,20.31
CA_1,FOODS_1_033,11529,21.57
CA_1,FOODS_1_033,11530,19.81
CA_1,FOODS_1_033,11531,20.48
CA_1,FOODS_1_033,11532,20.49
CA_1,FOODS_1_033,11533,20.74
CA_1,FOODS_1_033,11534,20.8
CA_1,FOODS_1_033,11535,20.32
CA_1,FOODS_1_033,11536,21.05
CA_1,FOODS_1_033,11537,20.28
CA_1,FOODS_1_033,11538,20.9
CA_1,FOODS_1_033,11539,19.8
CA_1,FOODS_1_033,11540,20.2
CA_1,FOODS_1_033,11541,19.81
CA_1,FOODS_1_033,11542,20.73
CA_1,FOODS_1_033,11543,20.75
CA_1,FOODS_1_033,11544,20.39
CA_1,FOODS_1_033,11545,20.73
CA_1,FOODS_1_033,11546,19.98
CA_1,FOODS_1_033,11547,21.23
CA_1,FOODS_1_033,11548,21.05
CA_1,FOODS_1_033,11549,20.11
CA_1,FOODS_1_033,11550,19.98
CA_1,FOODS_1_033,11551,20.34
CA_1,FOODS_1_033,11552,20.71
CA_1,FOODS_1_033,11553,20.65
CA_1,FOODS_1_033,11554,20.05
CA_1,FOODS_1_033,11555,20.37
CA_1,FOODS_1_033,11556,20.76
CA_1,FOODS_1_033,11557,20.39
CA_1,FOODS_1_033,11558,20.65
CA_1,FOODS_1_033,11559,21.11
CA_1,FOODS_1_033,11560,20.27
CA_1,FOODS_1_033,11561,21.06
CA_1,FOODS_1_033,11562,20.58
CA_1,FOODS_1_033,11563,20.53
CA_1,FOODS_1_033,11564,19.9
CA_1,FOODS_1_033,11565,21.0
CA_1,FOODS_1_033,11566,21.62
CA_1,FOODS_1_033,11567,20.07
CA_1,FOODS_1_033,11568,20.13
CA_1,FOODS_1_033,11569,21.41
CA_1,FOODS_1_033,11570,20.95
CA_1,FOODS_1_033,11571,20.27
CA_1,FOODS_1_033,11572,21.49
CA_1,FOODS_1_033,11573,20.39
CA_1,FOODS_1_033,11574,20.64
CA_1,FOODS_1_033,11575,20.8
CA_1,FOODS_1_033,11576,21.02
CA_1,FOODS_1_033,11577,20.85
CA_1,FOODS_1_033,11578,21.69
CA_1,FOODS_1_033,11579,21.33
CA_1,FOODS_1_033,11580,21.43
CA_1,FOODS_1_033,11581,20.28
CA_1,FOODS_1_033,11582,20.79
CA_1,FOODS_1_033,11583,21.49
CA_1,FOODS_1_033,11584,20.42
CA_1,FOODS_1_033,11585,20.42
CA_1,FOODS_1_033,11586,21.1
CA_1,FOODS_1_033,11587,20.86
CA_1,FOODS_1_033,11588,20.61
CA_1,FOODS_1_033,11589,20.76
CA_1,FOODS_1_033,11590,19.68
CA_1,FOODS_1_033,11591,20.45
CA_1,FOODS_1_033,11592,20.19
CA_1,FOODS_1_033,11593,21.45
CA_1,FOODS_1_033,11594,20.53
CA_1,FOODS_1_033,11595,20.67
CA_1,FOODS_1_033,11596,21.19
CA_1,FOODS_1_033,11597,21.42
CA_1,FOODS_1_033,11598,20.76
CA_1,FOODS_1_033,11599,20.18
CA_1,FOODS_1_033,11600,20.34
CA_1,FOODS_1_033,11601,20.78
CA_1,FOODS_1_033,11602,20.79
CA_1,FOODS_1_033,11603,20.21
CA_1,FOODS_1_033,11604,19.56
CA_1,FOODS_1_033,11605,19.79
TX_1,FOODS_1_033,11501,34.4
TX_1,FOODS_1_033,11502,34.31
TX_1,FOODS_1_033,11503,33.15
TX_1,FOODS_1_033,11504,34.37
TX_1,FOODS_1_033,11505,36.03
TX_1,FOODS_1_033,11506,34.89
TX_1,FOODS_1_033,11507,36.32
TX_1,FOODS_1_033,11508,34.59
TX_1,FOODS_1_033,11509,34.56
TX_1,FOODS_1_033,11510,34.83
TX_1,FOODS_1_033,11511,36.16
TX_1,FOODS_1_033,11512,35.95
TX_1,FOODS_1_033,11513,35.24
TX_1,FOODS_1_033,11514,34.96
TX_1,FOODS_1_033,11515,33.84
TX_1,FOODS_1_033,11516,33.43
TX_1,FOODS_1_033,11517,34.2
TX_1,FOODS_1_033,11518,35.91
TX_1,FOODS_1_033,11519,36.13
TX_1,FOODS_1_033,11520,33.19
TX_1,FOODS_1_033,11521,35.75
TX_1,FOODS_1_033,11522,36.17
TX_1,FOODS_1_033,11523,35.67
TX_1,FOODS_1_033,11524,34.19
TX_1,FOODS_1_033,11525,35.3
TX_1,FOODS_1_033,11526,33.25
TX_1,FOODS_1_033,11527,33.37
TX_1,FOODS_1_033,11528,36.75
TX_1,FOODS_1_033,11529,34.19
TX_1,FOODS_1_033,11530,33.6
TX_1,FOODS_1_033,11531,34.28
TX_1,FOODS_1_033,11532,36.2
TX_1,FOODS_1_033,11533,35.59
TX_1,FOODS_1_033,11534,34.01
TX_1,FOODS_1_033,11535,34.53
TX_1,FOODS_1_033,11536,35.02
TX_1,FOODS_1_033,11537,35.18
TX_1,FOODS_1_033,11538,35.03
TX_1,FOODS_1_033,11539,33.78
TX_1,FOODS_1_033,11540,34.4
TX_1,FOODS_1_033,11541,33.64
TX_1,FOODS_1_033,11542,35.42
TX_1,FOODS_1_033,11543,34.52
TX_1,FOODS_1_033,11544,34.89
TX_1,FOODS_1_033,11545,34.02
TX_1,FOODS_1_033,11546,35.15
TX_1,FOODS_1_033,11547,35.18
TX_1,FOODS_1_033,11548,33.37
TX_1,FOODS_1_033,11549,35.29
TX_1,FOODS_1_033,11550,33.6
TX_1,FOODS_1_033,11551,34.01
TX_1,FOODS_1_033,11552,35.4
TX_1,FOODS_1_033,11553,34.04
TX_1,FOODS_1_033,11554,34.71
TX_1,FOODS_1_033,11555,34.52
TX_1,FOODS_1_033,11556,33.36
TX_1,FOODS_1_033,11557,35.83
TX_1,FOODS_1_033,11558,35.84
TX_1,FOODS_1_033,11559,35.01
TX_1,FOODS_1_033,11560,34.35
TX_1,FOODS_1_033,11561,34.69
TX_1,FOODS_1_033,11562,35.76
TX_1,FOODS_1_033,11563,34.16
TX_1,FOODS_1_033,11564,34.24
TX_1,FOODS_1_033,11565,34.42
TX_1,FOODS_1_033,11566,32.72
TX_1,FOODS_1_033,11567,35.21
TX_1,FOODS_1_033,11568,34.78
TX_1,FOODS_1_033,11569,35.33
TX_1,FOODS_1_033,11570,34.2
TX_1,FOODS_1_033,11571,33.36
TX_1,FOODS_1_033,11572,34.73
TX_1,FOODS_1_033,11573,33.61
TX_1,FOODS_1_033,11574,35.11
TX_1,FOODS_1_033,11575,35.18
TX_1,FOODS_1_033,11576,36.46
TX_1,FOODS_1_033,11577,35.83
TX_1,FOODS_1_033,11578,34.85
TX_1,FOODS_1_033,11579,34.39
TX_1,FOODS_1_033,11580,35.38
TX_1,FOODS_1_033,11581,34.88
TX_1,FOODS_1_033,11582,34.21
TX_1,FOODS_1_033,11583,32.83
TX_1,FOODS_1_033,11584,36.6
TX_1,FOODS_1_033,11585,35.54
TX_1,FOODS_1_033,11586,35.17
TX_1,FOODS_1_033,11587,34.67
TX_1,FOODS_1_033,11588,36.26
TX_1,FOODS_1_033,11589,35.38
TX_1,FOODS_1_033,11590,33.41
TX_1,FOODS_1_033,11591,34.39
TX_1,FOODS_1_033,11592,35.27
TX_1,FOODS_1_033,11593,35.66
TX_1,FOODS_1_033,11594,34.36
TX_1,FOODS_1_033,11595,35.94
TX_1,FOODS_1_033,11596,33.46
TX_1,FOODS_1_033,11597,34.39
TX_1,FOODS_1_033,11598,34.43
TX_1,FOODS_1_033,11599,35.44
TX_1,FOODS_1_033,11600,35.74
TX_1,FOODS_1_033,11601,35.72
TX_1,FOODS_1_033,11602,33.41
TX_1,FOODS_1_033,11603,34.74
TX_1,FOODS_1_033,11604,33.29
TX_1,FOODS_1_033,11605,34.65
CA_1,FOODS_1_046,11501,6.59
CA_1,FOODS_1_046,11502,6.35
CA_1,FOODS_1_046,11503,6.32
CA_1,FOODS_1_046,11504,6.25
CA_1,FOODS_1_046,11505,6.27
CA_1,FOODS_1_046,11506,6.5
CA_1,FOODS_1_046,11507,6.14
CA_1,FOODS_1_046,11508,6.23
CA_1,FOODS_1_046,11509,6.28
CA_1,FOODS_1_046,11510,6.16
CA_1,FOODS_1_046,11511,6.35
CA_1,FOODS_1_046,11512,6.52
CA_1,FOODS_1_046,11513,6.37
CA_1,FOODS_1_046,11514,6.16
CA_1,FOODS_1_046,11515,6.15
CA_1,FOODS_1_046,11516,6.07
CA_1,FOODS_1_046,11517,6.25
CA_1,FOODS_1_046,11518,6.14
CA_1,FOODS_1_046,11519,6.31
CA_1,FOODS_1_046,11520,6.16
CA_1,FOODS_1_046,11521,6.05
CA_1,FOODS_1_046,11522,5.97
CA_1,FOODS_1_046,11523,6.37
CA_1,FOODS_1_046,11524,6.05
CA_1,FOODS_1_046,11525,6.35
CA_1,FOODS_1_046,11526,6.17
CA_1,FOODS_1_046,11527,6.31
CA_1,FOODS_1_046,11528,6.26
CA_1,FOODS_1_046,11529,6.29
CA_1,FOODS_1_046,11530,6.42
CA_1,FOODS_1_046,11531,6.16
CA_1,FOODS_1_046,11532,6.5
CA_1,FOODS_1_046,11533,6.39
CA_1,FOODS_1_046,11534,6.22
CA_1,FOODS_1_046,11535,6.23
CA_1,FOODS_1_046,11536,6.29
CA_1,FOODS_1_046,11537,6.2
CA_1,FOODS_1_046,11538,6.0
CA_1,FOODS_1_046,11539,6.12
CA_1,FOODS_1_046,11540,6.11
CA_1,FOODS_1_046,11541,6.24
CA_1,FOODS_1_046,11542,6.08
CA_1,FOODS_1_046,11543,6.4
CA_1,FOODS_1_046,11544,6.29
CA_1,FOODS_1_046,11545,6.2
CA_1,FOODS_1_046,11546,6.14
CA_1,FOODS_1_046,11547,6.27
CA_1,FOODS_1_046,11548,6.42
CA_1,FOODS_1_046,11549,5.97
CA_1,FOODS_1_046,11550,6.03
CA_1,FOODS_1_046,11551,6.11
CA_1,FOODS_1_046,11552,6.06
CA_1,FOODS_1_046,11553,6.04
CA_1,FOODS_1_046,11554,6.27
CA_1,FOODS_1_046,11555,6.26
CA_1,FOODS_1_046,11556,6.21
CA_1,FOODS_1_046,11557,6.3
CA_1,FOODS_1_046,11558,6.26
CA_1,FOODS_1_046,11559,6.15
CA_1,FOODS_1_046,11560,6.2
CA_1,FOODS_1_046,11561,6.3
CA_1,FOODS_1_046,11562,6.08
CA_1,FOODS_1_046,11563,6.32
CA_1,FOODS_1_046,11564,5.77
CA_1,FOODS_1_046,11565,6.26
CA_1,FOODS_1_046,11566,6.32
CA_1,FOODS_1_046,11567,6.12
CA_1,FOODS_1_046,11568,6.44
CA_1,FOODS_1_046,11569,6.45
CA_1,FOODS_1_046,11570,6.3
CA_1,FOODS_1_046,11571,6.52
CA_1,FOODS_1_046,11572,6.14
CA_1,FOODS_1_046,11573,6.41
CA_1,FOODS_1_046,11574,6.49
CA_1,FOODS_1_046,11575,6.09
CA_1,FOODS_1_046,11576,6.28
CA_1,FOODS_1_046,11577,6.04
CA_1,FOODS_1_046,11578,6.4
CA_1,FOODS_1_046,11579,6.53
CA_1,FOODS_1_046,11580,6.18
CA_1,FOODS_1_046,11581,6.26
CA_1,FOODS_1_046,11582,6.19
CA_1,FOODS_1_046,11583,6.66
CA_1,FOODS_1_046,11584,6.13
CA_1,FOODS_1_046,11585,6.13
CA_1,FOODS_1_046,11586,6.36
CA_1,FOODS_1_046,11587,6.26
CA_1,FOODS_1_046,11588,6.66
CA_1,FOODS_1_046,11589,6.58
CA_1,FOODS_1_046,11590,6.37
CA_1,FOODS_1_046,11591,6.42
CA_1,FOODS_1_046,11592,6.38
CA_1,FOODS_1_046,11593,6.43
CA_1,FOODS_1_046,11594,6.35
CA_1,FOODS_1_046,11595,6.11
CA_1,FOODS_1_046,11596,6.14
CA_1,FOODS_1_046,11597,6.42
CA_1,FOODS_1_046,11598,6.19
CA_1,FOODS_1_046,11599,6.48
CA_1,FOODS_1_046,11600,6.38
CA_1,FOODS_1_046,11601,6.08
CA_1,FOODS_1_046,11602,6.09
CA_1,FOODS_1_046,11603,6.06
CA_1,FOODS_1_046,11604,6.39
CA_1,FOODS_1_046,11605,6.45
TX_1,FOODS_1_046,11501,25.69
TX_1,FOODS_1_046,11502,25.9
TX_1,FOODS_1_046,11503,26.26
TX_1,FOODS_1_046,11504,25.47
TX_1,FOODS_1_046,11505,25.97
TX_1,FOODS_1_046,11506,25.65
TX_1,FOODS_1_046,11507,24.69
TX_1,FOODS_1_046,11508,26.57
TX_1,FOODS_1_046,11509,25.9
TX_1,FOODS_1_046,11510,25.57
TX_1,FOODS_1_046,11511,25.21
TX_1,FOODS_1_046,11512,25.24
TX_1,FOODS_1_046,11513,24.76
TX_1,FOODS_1_046,11514,24.97
TX_1,FOODS_1_046,11515,25.09
TX_1,FOODS_1_046,11516,25.34
TX_1,FOODS_1_046,11517,26.54
TX_1,FOODS_1_046,11518,26.08
TX_1,FOODS_1_046,11519,25.1
TX_1,FOODS_1_046,11520,24.67
TX_1,FOODS_1_046,11521,25.1
TX_1,FOODS_1_046,11522,26.62
TX_1,FOODS_1_046,11523,26.12
TX_1,FOODS_1_046,11524,25.58
TX_1,FOODS_1_046,11525,25.68
TX_1,FOODS_1_046,11526,26.43
TX_1,FOODS_1_046,11527,25.68
TX_1,FOODS_1_046,11528,27.15
TX_1,FOODS_1_046,11529,25.75
TX_1,FOODS_1_046,11530,25.1
TX_1,FOODS_1_046,11531,24.4
TX_1,FOODS_1_046,11532,25.98
TX_1,FOODS_1_046,11533,25.56
TX_1,FOODS_1_046,11534,25.09
TX_1,FOODS_1_046,11535,26.14
TX_1,FOODS_1_046,11536,25.87
TX_1,FOODS_1_046,11537,25.4
TX_1,FOODS_1_046,11538,25.89
TX_1,FOODS_1_046,11539,25.61
TX_1,FOODS_1_046,11540,26.29
TX_1,FOODS_1_046,11541,25.75
TX_1,FOODS_1_046,11542,25.45
TX_1,FOODS_1_046,11543,26.49
TX_1,FOODS_1_046,11544,25.01
TX_1,FOODS_1_046,11545,24.79
TX_1,FOODS_1_046,11546,25.31
TX_1,FOODS_1_046,11547,24.55
TX_1,FOODS_1_046,11548,24.71
TX_1,FOODS_1_046,11549,25.54
TX_1,FOODS_1_046,11550,25.73
TX_1,FOODS_1_046,11551,25.52
TX_1,FOODS_1_046,11552,26.02
TX_1,FOODS_1_046,11553,25.39
TX_1,FOODS_1_046,11554,24.47
TX_1,FOODS_1_046,11555,26.17
TX_1,FOODS_1_046,11556,25.64
TX_1,FOODS_1_046,11557,26.14
TX_1,FOODS_1_046,11558,26.1
TX_1,FOODS_1_046,11559,26.39
TX_1,FOODS_1_046,11560,25.12
TX_1,FOODS_1_046,11561,24.93
TX_1,FOODS_1_046,11562,25.64
TX_1,FOODS_1_046,11563,25.6
TX_1,FOODS_1_046,11564,26.5
TX_1,FOODS_1_046,11565,26.02
TX_1,FOODS_1_046,11566,25.79
TX_1,FOODS_1_046,11567,24.91
TX_1,FOODS_1_046,11568,25.24
TX_1,FOODS_1_046,11569,24.66
TX_1,FOODS_1_046,11570,25.17
TX_1,FOODS_1_046,11571,25.81
TX_1,FOODS_1_046,11572,25.98
TX_1,FOODS_1_046,11573,26.11
TX_1,FOODS_1_046,11574,26.19
TX_1,FOODS_1_046,11575,26.06
TX_1,FOODS_1_046,11576,25.31
TX_1,FOODS_1_046,11577,25.2
TX_1,FOODS_1_046,11578,26.53
TX_1,FOODS_1_046,11579,25.44
TX_1,FOODS_1_046,11580,25.47
TX_1,FOODS_1_046,11581,25.62
TX_1,FOODS_1_046,11582,24.74
TX_1,FOODS_1_046,11583,25.58
TX_1,FOODS_1_046,11584,24.69
TX_1,FOODS_1_046,11585,26.1
TX_1,FOODS_1_046,11586,25.41
TX_1,FOODS_1_046,11587,25.32
TX_1,FOODS_1_046,11588,24.46
TX_1,FOODS_1_046,11589,25.9
TX_1,FOODS_1_046,11590,27.23
TX_1,FOODS_1_046,11591,25.33
TX_1,FOODS_1_046,11592,25.66
TX_1,FOODS_1_046,11593,26.71
TX_1,FOODS_1_046,11594,27.22
TX_1,FOODS_1_046,11595,24.92
TX_1,FOODS_1_046,11596,26.47
TX_1,FOODS_1_046,11597,23.91
TX_1,FOODS_1_046,11598,23.67
TX_1,FOODS_1_046,11599,24.54
TX_1,FOODS_1_046,11600,25.46
TX_1,FOODS_1_046,11601,24.41
TX_1,FOODS_1_046,11602,26.54
TX_1,FOODS_1_046,11603,25.72
TX_1,FOODS_1_046,11604,26.09
TX_1,FOODS_1_046,11605,25.47
CA_1,FOODS_1_218,11501,15.88
CA_1,FOODS_1_218,11502,16.69
CA_1,FOODS_1_218,11503,15.99
CA_1,FOODS_1_218,11504,15.98
CA_1,FOODS_1_218,11505,15.5
CA_1,FOODS_1_218,11506,15.51
CA_1,FOODS_1_218,11507,15.64
CA_1,FOODS_1_218,11508,16.16
CA_1,FOODS_1_218,11509,16.04
CA_1,FOODS_1_218,11510,15.13
CA_1,FOODS_1_218,11511,16.09
CA_1,FOODS_1_218,11512,16.2
CA_1,FOODS_1_218,11513,16.15
CA_1,FOODS_1_218,11514,16.14
CA_1,FOODS_1_218,11515,16.15
CA_1,FOODS_1_218,11516,16.06
CA_1,FOODS_1_218,11517,15.38
CA_1,FOODS_1_218,11518,16.3
CA_1,FOODS_1_218,11519,16.6
CA_1,FOODS_1_218,11520,16.42
CA_1,FOODS_1_218,11521,16.02
CA_1,FOODS_1_218,11522,15.88
CA_1,FOODS_1_218,11523,15.66
CA_1,FOODS_1_218,11524,15.17
CA_1,FOODS_1_218,11525,16.3
CA_1,FOODS_1_218,11526,15.32
CA_1,FOODS_1_218,11527,15.77
CA_1,FOODS_1_218,11528,15.76
CA_1,FOODS_1_218,11529,16.41
CA_1,FOODS_1_218,11530,16.18
CA_1,FOODS_1_218,11531,15.67
CA_1,FOODS_1_218,11532,15.87
CA_1,FOODS_1_218,11533,15.83
CA_1,FOODS_1_218,11534,16.16
CA_1,FOODS_1_218,11535,15.51
CA_1,FOODS_1_218,11536,16.03
CA_1,FOODS_1_218,11537,15.83
CA_1,FOODS_1_218,11538,16.89
CA_1,FOODS_1_218,11539,15.6
CA_1,FOODS_1_218,11540,16.4
CA_1,FOODS_1_218,11541,15.75
CA_1,FOODS_1_218,11542,15.88
CA_1,FOODS_1_218,11543,16.45
CA_1,FOODS_1_218,11544,16.13
CA_1,FOODS_1_218,11545,15.87
CA_1,FOODS_1_218,11546,15.77
CA_1,FOODS_1_218,11547,16.47
CA_1,FOODS_1_218,11548,15.77
CA_1,FOODS_1_218,11549,15.77
CA_1,FOODS_1_218,11550,15.64
CA_1,FOODS_1_218,11551,16.63
CA_1,FOODS_1_218,11552,15.41
CA_1,FOODS_1_218,11553,16.03
CA_1,FOODS_1_218,11554,16.05
CA_1,FOODS_1_218,11555,15.44
CA_1,FOODS_1_218,11556,15.81
CA_1,FOODS_1_218,11557,15.77
CA_1,FOODS_1_218,11558,15.67
CA_1,FOODS_1_218,11559,15.96
CA_1,FOODS_1_218,11560,16.04
CA_1,FOODS_1_218,11561,15.8
CA_1,FOODS_1_218,11562,16.71
CA_1,FOODS_1_218,11563,15.65
CA_1,FOODS_1_218,11564,16.02
CA_1,FOODS_1_218,11565,15.96
CA_1,FOODS_1_218,11566,16.16
CA_1,FOODS_1_218,11567,16.0
CA_1,FOODS_1_218,11568,15.58
CA_1,FOODS_1_218,11569,16.17
CA_1,FOODS_1_218,11570,15.92
CA_1,FOODS_1_218,11571,16.31
CA_1,FOODS_1_218,11572,16.23
CA_1,FOODS_1_218,11573,16.15
CA_1,FOODS_1_218,11574,16.29
CA_1,FOODS_1_218,11575,15.69
CA_1,FOODS_1_218,11576,15.95
CA_1,FOODS_1_218,11577,16.36
CA_1,FOODS_1_218,11578,16.01
CA_1,FOODS_1_218,11579,15.61
CA_1,FOODS_1_218,11580,15.5
CA_1,FOODS_1_218,11581,16.22
CA_1,FOODS_1_218,11582,15.7
CA_1,FOODS_1_218,11583,15.89
CA_1,FOODS_1_218,11584,16.48
CA_1,FOODS_1_218,11585,15.58
CA_1,FOODS_1_218,11586,16.39
CA_1,FOODS_1_218,11587,15.52
CA_1,FOODS_1_218,11588,16.39
CA_1,FOODS_1_218,11589,15.98
CA_1,FOODS_1_218,11590,15.23
CA_1,FOODS_1_218,11591,15.43
CA_1,FOODS_1_218,11592,15.57
CA_1,FOODS_1_218,11593,15.97
CA_1,FOODS_1_218,11594,16.36
CA_1,FOODS_1_218,11595,16.07
CA_1,FOODS_1_218,11596,15.57
CA_1,FOODS_1_218,11597,16.49
CA_1,FOODS_1_218,11598,15.89
CA_1,FOODS_1_218,11599,15.55
CA_1,FOODS_1_218,11600,15.87
CA_1,FOODS_1_218,11601,15.92
CA_1,FOODS_1_218,11602,15.57
CA_1,FOODS_1_218,11603,16.29
CA_1,FOODS_1_218,11604,15.77
CA_1,FOODS_1_218,11605,15.58
TX_1,FOODS_1_218,11501,23.72
TX_1,FOODS_1_218,11502,23.95
TX_1,FOODS_1_218,11503,23.94
TX_1,FOODS_1_218,11504,23.1
TX_1,FOODS_1_218,11505,23.42
TX_1,FOODS_1_218,11506,22.17
TX_1,FOODS_1_218,11507,23.57
TX_1,FOODS_1_218,11508,23.63
TX_1,FOODS_1_218,11509,23.37
TX_1,FOODS_1_218,11510,22.93
TX_1,FOODS_1_218,11511,24.11
TX_1,FOODS_1_218,11512,22.78
TX_1,FOODS_1_218,11513,24.37
TX_1,FOODS_1_218,11514,22.6
TX_1,FOODS_1_218,11515,23.34
TX_1,FOODS_1_218,11516,22.15
TX_1,FOODS_1_218,11517,23.05
TX_1,FOODS_1_218,11518,23.63
TX_1,FOODS_1_218,11519,23.68
TX_1,FOODS_1_218,11520,23.35
TX_1,FOODS_1_218,11521,23.2
TX_1,FOODS_1_218,11522,24.88
TX_1,FOODS_1_218,11523,23.44
TX_1,FOODS_1_218,11524,25.16
TX_1,FOODS_1_218,11525,24.39
TX_1,FOODS_1_218,11526,23.1
TX_1,FOODS_1_218,11527,23.21
TX_1,FOODS_1_218,11528,24.44
TX_1,FOODS_1_218,11529,22.67
TX_1,FOODS_1_218,11530,24.31
TX_1,FOODS_1_218,11531,23.42
TX_1,FOODS_1_218,11532,22.03
TX_1,FOODS_1_218,11533,22.83
TX_1,FOODS_1_218,11534,23.35
TX_1,FOODS_1_218,11535,23.19
TX_1,FOODS_1_218,11536,23.07
TX_1,FOODS_1_218,11537,22.62
TX_1,FOODS_1_218,11538,23.47
TX_1,FOODS_1_218,11539,24.39
TX_1,FOODS_1_218,11540,24.37
TX_1,FOODS_1_218,11541,24.2
TX_1,FOODS_1_218,11542,23.39
TX_1,FOODS_1_218,11543,24.21
TX_1,FOODS_1_218,11544,22.56
TX_1,FOODS_1_218,11545,23.85
TX_1,FOODS_1_218,11546,24.43
TX_1,FOODS_1_218,11547,23.93
TX_1,FOODS_1_218,11548,22.54
TX_1,FOODS_1_218,11549,22.97
TX_1,FOODS_1_218,11550,23.11
TX_1,FOODS_1_218,11551,22.86
TX_1,FOODS_1_218,11552,23.3
TX_1,FOODS_1_218,11553,23.43
TX_1,FOODS_1_218,11554,23.36
TX_1,FOODS_1_218,11555,22.96
TX_1,FOODS_1_218,11556,24.14
TX_1,FOODS_1_218,11557,23.38
TX_1,FOODS_1_218,11558,22.65
TX_1,FOODS_1_218,11559,23.23
TX_1,FOODS_1_218,11560,23.16
TX_1,FOODS_1_218,11561,22.42
TX_1,FOODS_1_218,11562,23.27
TX_1,FOODS_1_218,11563,24.24
TX_1,FOODS_1_218,11564,23.34
TX_1,FOODS_1_218,11565,23.38
TX_1,FOODS_1_218,11566,23.81
TX_1,FOODS_1_218,11567,23.14
TX_1,FOODS_1_218,11568,22.85
TX_1,FOODS_1_218,11569,23.9
TX_1,FOODS_1_218,11570,23.48
TX_1,FOODS_1_218,11571,22.48
TX_1,FOODS_1_218,11572,23.73
TX_1,FOODS_1_218,11573,23.68
TX_1,FOODS_1_218,11574,22.46
TX_1,FOODS_1_218,11575,22.09
TX_1,FOODS_1_218,11576,23.1
TX_1,FOODS_1_218,11577,24.98
TX_1,FOODS_1_218,11578,24.89
TX_1,FOODS_1_218,11579,24.38
TX_1,FOODS_1_218,11580,23.05
TX_1,FOODS_1_218,11581,23.0
TX_1,FOODS_1_218,11582,22.73
TX_1,FOODS_1_218,11583,22.76
TX_1,FOODS_1_218,11584,23.86
TX_1,FOODS_1_218,11585,24.51
TX_1,FOODS_1_218,11586,23.34
TX_1,FOODS_1_218,11587,23.17
TX_1,FOODS_1_218,11588,22.95
TX_1,FOODS_1_218,11589,23.36
TX_1,FOODS_1_218,11590,22.98
TX_1,FOODS_1_218,11591,22.66
TX_1,FOODS_1_218,11592,23.6
TX_1,FOODS_1_218,11593,23.02
TX_1,FOODS_1_218,11594,23.18
TX_1,FOODS_1_218,11595,23.5
TX_1,FOODS_1_218,11596,22.28
TX_1,FOODS_1_218,11597,22.59
TX_1,FOODS_1_218,11598,23.57
TX_1,FOODS_1_218,11599,22.81
TX_1,FOODS_1_218,11600,23.52
TX_1,FOODS_1_218,11601,23.06
TX_1,FOODS_1_218,11602,23.66
TX_1,FOODS_1_218,11603,22.55
TX_1,FOODS_1_218,11604,23.0
TX_1,FOODS_1_218,11605,24.43
CA_1,FOODS_2_096,11501,20.87
CA_1,FOODS_2_096,11502,20.4
CA_1,FOODS_2_096,11503,19.75
CA_1,FOODS_2_096,11504,20.02
CA_1,FOODS_2_096,11505,20.06
CA_1,FOODS_2_096,11506,20.06
CA_1,FOODS_2_096,11507,21.06
CA_1,FOODS_2_096,11508,20.28
CA_1,FOODS_2_096,11509,19.69
CA_1,FOODS_2_096,11510,20.05
CA_1,FOODS_2_096,11511,20.6
CA_1,FOODS_2_096,11512,19.62
CA_1,FOODS_2_096,11513,20.95
CA_1,FOODS_2_096,11514,21.14
CA_1,FOODS_2_096,11515,19.96
CA_1,FOODS_2_096,11516,20.66
CA_1,FOODS_2_096,11517,20.88
CA_1,FOODS_2_096,11518,19.87
CA_1,FOODS_2_096,11519,20.18
CA_1,FOODS_2_096,11520,20.25
CA_1,FOODS_2_096,11521,20.58
CA_1,FOODS_2_096,11522,21.14
CA_1,FOODS_2_096,11523,20.26
CA_1,FOODS_2_096,11524,19.61
CA_1,FOODS_2_096,11525,19.49
CA_1,FOODS_2_096,11526,20.0
CA_1,FOODS_2_096,11527,20.24
CA_1,FOODS_2_096,11528,21.0
CA_1,FOODS_2_096,11529,19.5
CA_1,FOODS_2_096,11530,20.29
CA_1,FOODS_2_096,11531,21.14
CA_1,FOODS_2_096,11532,20.59
CA_1,FOODS_2_096,11533,19.75
CA_1,FOODS_2_096,11534,20.47
CA_1,FOODS_2_096,11535,20.35
CA_1,FOODS_2_096,11536,21.01
CA_1,FOODS_2_096,11537,20.75
CA_1,FOODS_2_096,11538,20.52
CA_1,FOODS_2_096,11539,20.66
CA_1,FOODS_2_096,11540,20.39
CA_1,FOODS_2_096,11541,19.98
CA_1,FOODS_2_096,11542,20.74
CA_1,FOODS_2_096,11543,20.03
CA_1,FOODS_2_096,11544,20.55
CA_1,FOODS_2_096,11545,20.72
CA_1,FOODS_2_096,11546,19.73
CA_1,FOODS_2_096,11547,20.25
CA_1,FOODS_2_096,11548,21.16
CA_1,FOODS_2_096,11549,21.05
CA_1,FOODS_2_096,11550,20.59
CA_1,FOODS_2_096,11551,20.27
CA_1,FOODS_2_096,11552,20.23
CA_1,FOODS_2_096,11553,20.02
CA_1,FOODS_2_096,11554,20.33
CA_1,FOODS_2_096,11555,21.02
CA_1,FOODS_2_096,11556,20.04
CA_1,FOODS_2_096,11557,19.71
CA_1,FOODS_2_096,11558,20.86
CA_1,FOODS_2_096,11559,20.18
CA_1,FOODS_2_096,11560,19.86
CA_1,FOODS_2_096,11561,20.38
CA_1,FOODS_2_096,11562,20.19
CA_1,FOODS_2_096,11563,20.39
CA_1,FOODS_2_096,11564,20.61
CA_1,FOODS_2_096,11565,20.54
CA_1,FOODS_2_096,11566,20.59
CA_1,FOODS_2_096,11567,20.43
CA_1,FOODS_2_096,11568,19.45
CA_1,FOODS_2_096,11569,20.4
CA_1,FOODS_2_096,11570,19.69
CA_1,FOODS_2_096,11571,19.99
CA_1,FOODS_2_096,11572,19.99
CA_1,FOODS_2_096,11573,20.64
CA_1,FOODS_2_096,11574,19.44
CA_1,FOODS_2_096,11575,20.25
CA_1,FOODS_2_096,11576,20.3
CA_1,FOODS_2_096,11577,20.75
CA_1,FOODS_2_096,11578,20.4
CA_1,FOODS_2_096,11579,20.63
CA_1,FOODS_2_096,11580,20.41
CA_1,FOODS_2_096,11581,21.22
CA_1,FOODS_2_096,11582,20.13
CA_1,FOODS_2_096,11583,21.54
CA_1,FOODS_2_096,11584,20.07
CA_1,FOODS_2_096,11585,20.75
CA_1,FOODS_2_096,11586,21.13
CA_1,FOODS_2_096,11587,20.26
CA_1,FOODS_2_096,11588,20.32
CA_1,FOODS_2_096,11589,19.67
CA_1,FOODS_2_096,11590,22.08
CA_1,FOODS_2_096,11591,20.25
CA_1,FOODS_2_096,11592,21.09
CA_1,FOODS_2_096,11593,20.0
CA_1,FOODS_2_096,11594,19.65
CA_1,FOODS_2_096,11595,20.05
CA_1,FOODS_2_096,11596,20.46
CA_1,FOODS_2_096,11597,20.43
CA_1,FOODS_2_096,11598,20.04
CA_1,FOODS_2_096,11599,20.14
CA_1,FOODS_2_096,11600,20.45
CA_1,FOODS_2_096,11601,19.98
CA_1,FOODS_2_096,11602,20.14
CA_1,FOODS_2_096,11603,19.83
CA_1,FOODS_2_096,11604,20.78
CA_1,FOODS_2_096,11605,19.71
TX_1,FOODS_2_096,11501,24.06
TX_1,FOODS_2_096,11502,24.1
TX_1,FOODS_2_096,11503,23.07
TX_1,FOODS_2_096,11504,24.21
TX_1,FOODS_2_096,11505,24.03
TX_1,FOODS_2_096,11506,24.14
TX_1,FOODS_2_096,11507,23.68
TX_1,FOODS_2_096,11508,24.02
TX_1,FOODS_2_096,11509,24.11
TX_1,FOODS_2_096,11510,25.23
TX_1,FOODS_2_096,11511,22.73
TX_1,FOODS_2_096,11512,24.0
TX_1,FOODS_2_096,11513,24.19
TX_1,FOODS_2_096,11514,23.93
TX_1,FOODS_2_096,11515,24.36
TX_1,FOODS_2_096,11516,24.33
TX_1,FOODS_2_096,11517,23.97
TX_1,FOODS_2_096,11518,23.7
TX_1,FOODS_2_096,11519,22.53
TX_1,FOODS_2_096,11520,25.05
TX_1,FOODS_2_096,11521,22.39
TX_1,FOODS_2_096,11522,24.15
TX_1,FOODS_2_096,11523,23.99
TX_1,FOODS_2_096,11524,23.0
TX_1,FOODS_2_096,11525,25.13
TX_1,FOODS_2_096,11526,24.33
TX_1,FOODS_2_096,11527,23.97
TX_1,FOODS_2_096,11528,23.02
TX_1,FOODS_2_096,11529,24.71
TX_1,FOODS_2_096,11530,24.75
TX_1,FOODS_2_096,11531,23.89
TX_1,FOODS_2_096,11532,24.89
TX_1,FOODS_2_096,11533,23.93
TX_1,FOODS_2_096,11534,24.03
TX_1,FOODS_2_096,11535,23.76
TX_1,FOODS_2_096,11536,24.24
TX_1,FOODS_2_096,11537,24.12
TX_1,FOODS_2_096,11538,23.47
TX_1,FOODS_2_096,11539,23.1
TX_1,FOODS_2_096,11540,23.66
TX_1,FOODS_2_096,11541,24.21
TX_1,FOODS_2_096,11542,23.67
TX_1,FOODS_2_096,11543,23.22
TX_1,FOODS_2_096,11544,23.73
TX_1,FOODS_2_096,11545,23.07
TX_1,FOODS_2_096,11546,23.44
TX_1,FOODS_2_096,11547,22.69
TX_1,FOODS_2_096,11548,23.84
TX_1,FOODS_2_096,11549,24.23
TX_1,FOODS_2_096,11550,23.79
TX_1,FOODS_2_096,11551,24.0
TX_1,FOODS_2_096,11552,23.86
TX_1,FOODS_2_096,11553,24.05
TX_1,FOODS_2_096,11554,24.12
TX_1,FOODS_2_096,11555,24.13
TX_1,FOODS_2_096,11556,24.45
TX_1,FOODS_2_096,11557,22.8
TX_1,FOODS_2_096,11558,24.22
TX_1,FOODS_2_096,11559,23.63
TX_1,FOODS_2_096,11560,23.47
TX_1,FOODS_2_096,11561,22.61
TX_1,FOODS_2_096,11562,22.81
TX_1,FOODS_2_096,11563,23.46
TX_1,FOODS_2_096,11564,23.26
TX_1,FOODS_2_096,11565,24.35
TX_1,FOODS_2_096,11566,24.19
TX_1,FOODS_2_096,11567,24.65
TX_1,FOODS_2_096,11568,23.66
TX_1,FOODS_2_096,11569,24.14
TX_1,FOODS_2_096,11570,22.82
TX_1,FOODS_2_096,11571,25.18
TX_1,FOODS_2_096,11572,24.82
TX_1,FOODS_2_096,11573,23.26
TX_1,FOODS_2_096,11574,24.71
TX_1,FOODS_2_096,11575,23.07
TX_1,FOODS_2_096,11576,23.36
TX_1,FOODS_2_096,11577,23.76
TX_1,FOODS_2_096,11578,23.24
TX_1,FOODS_2_096,11579,24.12
TX_1,FOODS_2_096,11580,24.43
TX_1,FOODS_2_096,11581,22.91
TX_1,FOODS_2_096,11582,23.83
TX_1,FOODS_2_096,11583,23.17
TX_1,FOODS_2_096,11584,23.92
TX_1,FOODS_2_096,11585,23.93
TX_1,FOODS_2_096,11586,23.38
TX_1,FOODS_2_096,11587,23.66
TX_1,FOODS_2_096,11588,23.82
TX_1,FOODS_2_096,11589,23.35
TX_1,FOODS_2_096,11590,22.76
TX_1,FOODS_2_096,11591,24.22
TX_1,FOODS_2_096,11592,24.21
TX_1,FOODS_2_096,11593,24.18
TX_1,FOODS_2_096,11594,23.17
TX_1,FOODS_2_096,11595,23.62
TX_1,FOODS_2_096,11596,22.79
TX_1,FOODS_2_096,11597,24.99
TX_1,FOODS_2_096,11598,22.97
TX_1,FOODS_2_096,11599,24.5
TX_1,FOODS_2_096,11600,23.29
TX_1,FOODS_2_096,11601,23.94
TX_1,FOODS_2_096,11602,23.6
TX_1,FOODS_2_096,11603,23.53
TX_1,FOODS_2_096,11604,24.0
TX_1,FOODS_2_096,11605,23.43
CA_1,FOODS_2_181,11501,14.21
CA_1,FOODS_2_181,11502,14.67
CA_1,FOODS_2_181,11503,14.27
CA_1,FOODS_2_181,11504,13.93
CA_1,FOODS_2_181,11505,15.25
CA_1,FOODS_2_181,11506,14.27
CA_1,FOODS_2_181,11507,13.96
CA_1,FOODS_2_181,11508,15.03
CA_1,FOODS_2_181,11509,13.65
CA_1,FOODS_2_181,11510,13.94
CA_1,FOODS_2_181,11511,14.63
CA_1,FOODS_2_181,11512,13.93
CA_1,FOODS_2_181,11513,14.53
CA_1,FOODS_2_181,11514,14.57
CA_1,FOODS_2_181,11515,15.01
CA_1,FOODS_2_181,11516,14.65
CA_1,FOODS_2_181,11517,14.1
CA_1,FOODS_2_181,11518,14.01
CA_1,FOODS_2_181,11519,13.89
CA_1,FOODS_2_181,11520,13.87
CA_1,FOODS_2_181,11521,14.41
CA_1,FOODS_2_181,11522,13.63
CA_1,FOODS_2_181,11523,14.33
CA_1,FOODS_2_181,11524,13.58
CA_1,FOODS_2_181,11525,14.36
CA_1,FOODS_2_181,11526,14.07
CA_1,FOODS_2_181,11527,14.49
CA_1,FOODS_2_181,11528,13.3
CA_1,FOODS_2_181,11529,14.61
CA_1,FOODS_2_181,11530,14.27
CA_1,FOODS_2_181,11531,14.1
CA_1,FOODS_2_181,11532,14.45
CA_1,FOODS_2_181,11533,14.43
CA_1,FOODS_2_181,11534,13.78
CA_1,FOODS_2_181,11535,14.32
CA_1,FOODS_2_181,11536,14.53
CA_1,FOODS_2_181,11537,13.7
CA_1,FOODS_2_181,11538,14.34
CA_1,FOODS_2_181,11539,14.7
CA_1,FOODS_2_181,11540,14.33
CA_1,FOODS_2_181,11541,14.1
CA_1,FOODS_2_181,11542,13.78
CA_1,FOODS_2_181,11543,13.88
CA_1,FOODS_2_181,11544,14.12
CA_1,FOODS_2_181,11545,14.54
CA_1,FOODS_2_181,11546,14.48
CA_1,FOODS_2_181,11547,14.13
CA_1,FOODS_2_181,11548,13.97
CA_1,FOODS_2_181,11549,14.05
CA_1,FOODS_2_181,11550,14.68
CA_1,FOODS_2_181,11551,13.72
CA_1,FOODS_2_181,11552,14.27
CA_1,FOODS_2_181,11553,14.07
CA_1,FOODS_2_181,11554,14.49
CA_1,FOODS_2_181,11555,14.18
CA_1,FOODS_2_181,11556,13.8
CA_1,FOODS_2_181,11557,14.82
CA_1,FOODS_2_181,11558,14.33
CA_1,FOODS_2_181,11559,14.31
CA_1,FOODS_2_181,11560,13.75
CA_1,FOODS_2_181,11561,14.13
CA_1,FOODS_2_181,11562,13.99
CA_1,FOODS_2_181,11563,14.22
CA_1,FOODS_2_181,11564,13.58
CA_1,FOODS_2_181,11565,14.3
CA_1,FOODS_2_181,11566,14.55
CA_1,FOODS_2_181,11567,14.05
CA_1,FOODS_2_181,11568,14.35
CA_1,FOODS_2_181,11569,13.88
CA_1,FOODS_2_181,11570,14.85
CA_1,FOODS_2_181,11571,13.89
CA_1,FOODS_2_181,11572,14.18
CA_1,FOODS_2_181,11573,13.96
CA_1,FOODS_2_181,11574,13.92
CA_1,FOODS_2_181,11575,14.82
CA_1,FOODS_2_181,11576,14.78
CA_1,FOODS_2_181,11577,14.08
CA_1,FOODS_2_181,11578,15.48
CA_1,FOODS_2_181,11579,14.65
CA_1,FOODS_2_181,11580,14.62
CA_1,FOODS_2_181,11581,14.26
CA_1,FOODS_2_181,11582,14.69
CA_1,FOODS_2_181,11583,14.31
CA_1,FOODS_2_181,11584,13.91
CA_1,FOODS_2_181,11585,14.25
CA_1,FOODS_2_181,11586,14.1
CA_1,FOODS_2_181,11587,13.82
CA_1,FOODS_2_181,11588,14.62
CA_1,FOODS_2_181,11589,14.32
CA_1,FOODS_2_181,11590,14.24
CA_1,FOODS_2_181,11591,14.89
CA_1,FOODS_2_181,11592,14.32
CA_1,FOODS_2_181,11593,14.71
CA_1,FOODS_2_181,11594,13.89
CA_1,FOODS_2_181,11595,13.99
CA_1,FOODS_2_181,11596,14.27
CA_1,FOODS_2_181,11597,14.3
CA_1,FOODS_2_181,11598,14.37
CA_1,FOODS_2_181,11599,14.63
CA_1,FOODS_2_181,11600,15.56
CA_1,FOODS_2_181,11601,13.69
CA_1,FOODS_2_181,11602,14.05
CA_1,FOODS_2_181,11603,14.41
CA_1,FOODS_2_181,11604,14.96
CA_1,FOODS_2_181,11605,14.19
TX_1,FOODS_2_181,11501,26.65
TX_1,FOODS_2_181,11502,27.29
TX_1,FOODS_2_181,11503,26.91
TX_1,FOODS_2_181,11504,27.48
TX_1,FOODS_2_181,11505,27.75
TX_1,FOODS_2_181,11506,26.67
TX_1,FOODS_2_181,11507,27.57
TX_1,FOODS_2_181,11508,26.42
TX_1,FOODS_2_181,11509,27.08
TX_1,FOODS_2_181,11510,26.48
TX_1,FOODS_2_181,11511,25.81
TX_1,FOODS_2_181,11512,27.55
TX_1,FOODS_2_181,11513,26.24
TX_1,FOODS_2_181,11514,26.43
TX_1,FOODS_2_181,11515,26.69
TX_1,FOODS_2_181,11516,28.21
TX_1,FOODS_2_181,11517,28.02
TX_1,FOODS_2_181,11518,25.8
TX_1,FOODS_2_181,11519,26.1
TX_1,FOODS_2_181,11520,28.19
TX_1,FOODS_2_181,11521,28.4
TX_1,FOODS_2_181,11522,27.25
TX_1,FOODS_2_181,11523,27.02
TX_1,FOODS_2_181,11524,26.89
TX_1,FOODS_2_181,11525,26.78
TX_1,FOODS_2_181,11526,26.09
TX_1,FOODS_2_181,11527,27.49
TX_1,FOODS_2_181,11528,26.3
TX_1,FOODS_2_181,11529,27.37
TX_1,FOODS_2_181,11530,26.95
TX_1,FOODS_2_181,11531,27.67
TX_1,FOODS_2_181,11532,26.47
TX_1,FOODS_2_181,11533,26.07
TX_1,FOODS_2_181,11534,26.25
TX_1,FOODS_2_181,11535,26.92
TX_1,FOODS_2_181,11536,26.83
TX_1,FOODS_2_181,11537,26.07
TX_1,FOODS_2_181,11538,26.57
TX_1,FOODS_2_181,11539,26.98
TX_1,FOODS_2_181,11540,27.41
TX_1,FOODS_2_181,11541,26.92
TX_1,FOODS_2_181,11542,27.4
TX_1,FOODS_2_181,11543,26.96
TX_1,FOODS_2_181,11544,26.96
TX_1,FOODS_2_181,11545,27.27
TX_1,FOODS_2_181,11546,26.13
TX_1,FOODS_2_181,11547,28.2
TX_1,FOODS_2_181,11548,26.98
TX_1,FOODS_2_181,11549,26.87
TX_1,FOODS_2_181,11550,27.1
TX_1,FOODS_2_181,11551,27.7
TX_1,FOODS_2_181,11552,27.21
TX_1,FOODS_2_181,11553,27.36
TX_1,FOODS_2_181,11554,26.99
TX_1,FOODS_2_181,11555,26.2
TX_1,FOODS_2_181,11556,25.18
TX_1,FOODS_2_181,11557,27.49
TX_1,FOODS_2_181,11558,27.61
TX_1,FOODS_2_181,11559,26.12
TX_1,FOODS_2_181,11560,26.04
TX_1,FOODS_2_181,11561,26.14
TX_1,FOODS_2_181,11562,26.5
TX_1,FOODS_2_181,11563,26.29
TX_1,FOODS_2_181,11564,26.98
TX_1,FOODS_2_181,11565,27.0
TX_1,FOODS_2_181,11566,26.92
TX_1,FOODS_2_181,11567,26.53
TX_1,FOODS_2_181,11568,26.27
TX_1,FOODS_2_181,11569,25.89
TX_1,FOODS_2_181,11570,26.49
TX_1,FOODS_2_181,11571,27.3
TX_1,FOODS_2_181,11572,25.79
TX_1,FOODS_2_181,11573,26.83
TX_1,FOODS_2_181,11574,26.16
TX_1,FOODS_2_181,11575,26.0
TX_1,FOODS_2_181,11576,27.53
TX_1,FOODS_2_181,11577,27.71
TX_1,FOODS_2_181,11578,27.21
TX_1,FOODS_2_181,11579,26.08
TX_1,FOODS_2_181,11580,27.44
TX_1,FOODS_2_181,11581,27.38
TX_1,FOODS_2_181,11582,28.23
TX_1,FOODS_2_181,11583,26.52
TX_1,FOODS_2_181,11584,27.13
TX_1,FOODS_2_181,11585,26.28
TX_1,FOODS_2_181,11586,25.6
TX_1,FOODS_2_181,11587,25.65
TX_1,FOODS_2_181,11588,26.92
TX_1,FOODS_2_181,11589,26.38
TX_1,FOODS_2_181,11590,27.23
TX_1,FOODS_2_181,11591,27.32
TX_1,FOODS_2_181,11592,26.9
TX_1,FOODS_2_181,11593,25.84
TX_1,FOODS_2_181,11594,26.22
TX_1,FOODS_2_181,11595,27.05
TX_1,FOODS_2_181,11596,27.11
TX_1,FOODS_2_181,11597,27.12
TX_1,FOODS_2_181,11598,27.47
TX_1,FOODS_2_181,11599,26.73
TX_1,FOODS_2_181,11600,27.03
TX_1,FOODS_2_181,11601,27.26
TX_1,FOODS_2_181,11602,27.54
TX_1,FOODS_2_181,11603,26.88
TX_1,FOODS_2_181,11604,26.86
TX_1,FOODS_2_181,11605,27.1
CA_1,FOODS_2_352,11501,14.67
CA_1,FOODS_2_352,11502,14.54
CA_1,FOODS_2_352,11503,14.14
CA_1,FOODS_2_352,11504,14.97
CA_1,FOODS_2_352,11505,14.94
CA_1,FOODS_2_352,11506,14.87
CA_1,FOODS_2_352,11507,14.92
CA_1,FOODS_2_352,11508,14.71
CA_1,FOODS_2_352,11509,15.46
CA_1,FOODS_2_352,11510,15.1
CA_1,FOODS_2_352,11511,15.49
CA_1,FOODS_2_352,11512,14.53
CA_1,FOODS_2_352,11513,14.75
CA_1,FOODS_2_352,11514,14.75
CA_1,FOODS_2_352,11515,15.31
CA_1,FOODS_2_352,11516,14.01
CA_1,FOODS_2_352,11517,15.0
CA_1,FOODS_2_352,11518,14.85
CA_1,FOODS_2_352,11519,15.18
CA_1,FOODS_2_352,11520,14.59
CA_1,FOODS_2_352,11521,14.15
CA_1,FOODS_2_352,11522,15.5
CA_1,FOODS_2_352,11523,14.79
CA_1,FOODS_2_352,11524,15.15
CA_1,FOODS_2_352,11525,14.68
CA_1,FOODS_2_352,11526,15.22
CA_1,FOODS_2_352,11527,15.08
CA_1,FOODS_2_352,11528,15.25
CA_1,FOODS_2_352,11529,14.67
CA_1,FOODS_2_352,11530,15.3
CA_1,FOODS_2_352,11531,14.99
CA_1,FOODS_2_352,11532,14.13
CA_1,FOODS_2_352,11533,15.3
CA_1,FOODS_2_352,11534,15.01
CA_1,FOODS_2_352,11535,14.69
CA_1,FOODS_2_352,11536,14.75
CA_1,FOODS_2_352,11537,14.42
CA_1,FOODS_2_352,11538,14.85
CA_1,FOODS_2_352,11539,15.0
CA_1,FOODS_2_352,11540,14.84
CA_1,FOODS_2_352,11541,14.88
CA_1,FOODS_2_352,11542,14.6
CA_1,FOODS_2_352,11543,14.46
CA_1,FOODS_2_352,11544,14.81
CA_1,FOODS_2_352,11545,14.89
CA_1,FOODS_2_352,11546,14.65
CA_1,FOODS_2_352,11547,14.97
CA_1,FOODS_2_352,11548,15.12
CA_1,FOODS_2_352,11549,15.16
CA_1,FOODS_2_352,11550,14.62
CA_1,FOODS_2_352,11551,14.18
CA_1,FOODS_2_352,11552,14.96
CA_1,FOODS_2_352,11553,14.69
CA_1,FOODS_2_352,11554,14.81
CA_1,FOODS_2_352,11555,14.62
CA_1,FOODS_2_352,11556,15.4
CA_1,FOODS_2_352,11557,14.64
CA_1,FOODS_2_352,11558,15.49
CA_1,FOODS_2_352,11559,15.08
CA_1,FOODS_2_352,11560,15.19
CA_1,FOODS_2_352,11561,14.75
CA_1,FOODS_2_352,11562,14.49
CA_1,FOODS_2_352,11563,15.06
CA_1,FOODS_2_352,11564,14.92
CA_1,FOODS_2_352,11565,14.61
CA_1,FOODS_2_352,11566,15.06
CA_1,FOODS_2_352,11567,15.01
CA_1,FOODS_2_352,11568,14.16
CA_1,FOODS_2_352,11569,15.03
CA_1,FOODS_2_352,11570,15.15
CA_1,FOODS_2_352,11571,14.23
CA_1,FOODS_2_352,11572,15.52
CA_1,FOODS_2_352,11573,15.31
CA_1,FOODS_2_352,11574,14.16
CA_1,FOODS_2_352,11575,14.66
CA_1,FOODS_2_352,11576,14.47
CA_1,FOODS_2_352,11577,14.36
CA_1,FOODS_2_352,11578,14.91
CA_1,FOODS_2_352,11579,14.85
CA_1,FOODS_2_352,11580,14.46
CA_1,FOODS_2_352,11581,14.5
CA_1,FOODS_2_352,11582,14.8
CA_1,FOODS_2_352,11583,14.95
CA_1,FOODS_2_352,11584,14.49
CA_1,FOODS_2_352,11585,14.82
CA_1,FOODS_2_352,11586,15.0
CA_1,FOODS_2_352,11587,15.13
CA_1,FOODS_2_352,11588,14.9
CA_1,FOODS_2_352,11589,14.85
CA_1,FOODS_2_352,11590,14.71
CA_1,FOODS_2_352,11591,14.64
CA_1,FOODS_2_352,11592,14.86
CA_1,FOODS_2_352,11593,14.83
CA_1,FOODS_2_352,11594,14.95
CA_1,FOODS_2_352,11595,14.51
CA_1,FOODS_2_352,11596,15.03
CA_1,FOODS_2_352,11597,14.23
CA_1,FOODS_2_352,11598,15.05
CA_1,FOODS_2_352,11599,14.72
CA_1,FOODS_2_352,11600,14.38
CA_1,FOODS_2_352,11601,14.38
CA_1,FOODS_2_352,11602,15.0
CA_1,FOODS_2_352,11603,14.84
CA_1,FOODS_2_352,11604,14.87
CA_1,FOODS_2_352,11605,14.73
TX_1,FOODS_2_352,11501,28.3
TX_1,FOODS_2_352,11502,28.19
TX_1,FOODS_2_352,11503,27.68
TX_1,FOODS_2_352,11504,27.03
TX_1,FOODS_2_352,11505,27.72
TX_1,FOODS_2_352,11506,28.32
TX_1,FOODS_2_352,11507,28.8
TX_1,FOODS_2_352,11508,26.8
TX_1,FOODS_2_352,11509,27.86
TX_1,FOODS_2_352,11510,28.36
TX_1,FOODS_2_352,11511,28.3
TX_1,FOODS_2_352,11512,28.25
TX_1,FOODS_2_352,11513,27.84
TX_1,FOODS_2_352,11514,27.66
TX_1,FOODS_2_352,11515,28.53
TX_1,FOODS_2_352,11516,28.37
TX_1,FOODS_2_352,11517,28.16
TX_1,FOODS_2_352,11518,29.62
TX_1,FOODS_2_352,11519,29.07
TX_1,FOODS_2_352,11520,28.56
TX_1,FOODS_2_352,11521,28.87
TX_1,FOODS_2_352,11522,28.67
TX_1,FOODS_2_352,11523,28.02
TX_1,FOODS_2_352,11524,27.43
TX_1,FOODS_2_352,11525,28.89
TX_1,FOODS_2_352,11526,28.2
TX_1,FOODS_2_352,11527,28.85
TX_1,FOODS_2_352,11528,28.79
TX_1,FOODS_2_352,11529,27.16
TX_1,FOODS_2_352,11530,28.66
TX_1,FOODS_2_352,11531,29.44
TX_1,FOODS_2_352,11532,28.09
TX_1,FOODS_2_352,11533,28.46
TX_1,FOODS_2_352,11534,28.95
TX_1,FOODS_2_352,11535,27.18
TX_1,FOODS_2_352,11536,26.78
TX_1,FOODS_2_352,11537,28.11
TX_1,FOODS_2_352,11538,27.11
TX_1,FOODS_2_352,11539,29.17
TX_1,FOODS_2_352,11540,28.82
TX_1,FOODS_2_352,11541,29.13
TX_1,FOODS_2_352,11542,28.18
TX_1,FOODS_2_352,11543,29.01
TX_1,FOODS_2_352,11544,28.28
TX_1,FOODS_2_352,11545,28.5
TX_1,FOODS_2_352,11546,29.73
TX_1,FOODS_2_352,11547,27.33
TX_1,FOODS_2_352,11548,29.44
TX_1,FOODS_2_352,11549,26.89
TX_1,FOODS_2_352,11550,28.2
TX_1,FOODS_2_352,11551,28.61
TX_1,FOODS_2_352,11552,27.87
TX_1,FOODS_2_352,11553,28.42
TX_1,FOODS_2_352,11554,28.48
TX_1,FOODS_2_352,11555,28.65
TX_1,FOODS_2_352,11556,28.07
TX_1,FOODS_2_352,11557,27.74
TX_1,FOODS_2_352,11558,28.35
TX_1,FOODS_2_352,11559,27.99
TX_1,FOODS_2_352,11560,28.24
TX_1,FOODS_2_352,11561,28.0
TX_1,FOODS_2_352,11562,28.36
TX_1,FOODS_2_352,11563,27.79
TX_1,FOODS_2_352,11564,27.88
TX_1,FOODS_2_352,11565,27.43
TX_1,FOODS_2_352,11566,28.33
TX_1,FOODS_2_352,11567,27.58
TX_1,FOODS_2_352,11568,28.43
TX_1,FOODS_2_352,11569,28.93
TX_1,FOODS_2_352,11570,29.32
TX_1,FOODS_2_352,11571,28.14
TX_1,FOODS_2_352,11572,30.17
TX_1,FOODS_2_352,11573,28.65
TX_1,FOODS_2_352,11574,28.31
TX_1,FOODS_2_352,11575,29.58
TX_1,FOODS_2_352,11576,27.59
TX_1,FOODS_2_352,11577,28.2
TX_1,FOODS_2_352,11578,28.01
TX_1,FOODS_2_352,11579,27.3
TX_1,FOODS_2_352,11580,28.91
TX_1,FOODS_2_352,11581,28.42
TX_1,FOODS_2_352,11582,28.69
TX_1,FOODS_2_352,11583,28.67
TX_1,FOODS_2_352,11584,27.02
TX_1,FOODS_2_352,11585,29.06
TX_1,FOODS_2_352,11586,27.69
TX_1,FOODS_2_352,11587,28.9
TX_1,FOODS_2_352,11588,27.33
TX_1,FOODS_2_352,11589,28.47
TX_1,FOODS_2_352,11590,27.77
TX_1,FOODS_2_352,11591,28.38
TX_1,FOODS_2_352,11592,28.11
TX_1,FOODS_2_352,11593,28.42
TX_1,FOODS_2_352,11594,28.06
TX_1,FOODS_2_352,11595,27.88
TX_1,FOODS_2_352,11596,29.1
TX_1,FOODS_2_352,11597,29.1
TX_1,FOODS_2_352,11598,29.56
TX_1,FOODS_2_352,11599,28.25
TX_1,FOODS_2_352,11600,28.16
TX_1,FOODS_2_352,11601,28.29
TX_1,FOODS_2_352,11602,27.76
TX_1,FOODS_2_352,11603,27.37
TX_1,FOODS_2_352,11604,27.86
TX_1,FOODS_2_352,11605,27.73
CA_1,FOODS_2_360,11501,8.81
CA_1,FOODS_2_360,11502,8.22
CA_1,FOODS_2_360,11503,8.47
CA_1,FOODS_2_360,11504,8.73
CA_1,FOODS_2_360,11505,8.68
CA_1,FOODS_2_360,11506,8.6
CA_1,FOODS_2_360,11507,8.59
CA_1,FOODS_2_360,11508,8.72
CA_1,FOODS_2_360,11509,8.73
CA_1,FOODS_2_360,11510,8.36
CA_1,FOODS_2_360,11511,8.26
CA_1,FOODS_2_360,11512,8.63
CA_1,FOODS_2_360,11513,8.8
CA_1,FOODS_2_360,11514,8.55
CA_1,FOODS_2_360,11515,9.11
CA_1,FOODS_2_360,11516,8.82
CA_1,FOODS_2_360,11517,8.54
CA_1,FOODS_2_360,11518,8.27
CA_1,FOODS_2_360,11519,8.8
CA_1,FOODS_2_360,11520,8.46
CA_1,FOODS_2_360,11521,8.52
CA_1,FOODS_2_360,11522,8.48
CA_1,FOODS_2_360,11523,8.37
CA_1,FOODS_2_360,11524,8.53
CA_1,FOODS_2_360,11525,8.53
CA_1,FOODS_2_360,11526,8.46
CA_1,FOODS_2_360,11527,8.5
CA_1,FOODS_2_360,11528,9.03
CA_1,FOODS_2_360,11529,8.79
CA_1,FOODS_2_360,11530,8.61
CA_1,FOODS_2_360,11531,8.27
CA_1,FOODS_2_360,11532,8.75
CA_1,FOODS_2_360,11533,9.03
CA_1,FOODS_2_360,11534,9.01
CA_1,FOODS_2_360,11535,8.61
CA_1,FOODS_2_360,11536,8.71
CA_1,FOODS_2_360,11537,8.4
CA_1,FOODS_2_360,11538,8.69
CA_1,FOODS_2_360,11539,8.78
CA_1,FOODS_2_360,11540,8.74
CA_1,FOODS_2_360,11541,8.89
CA_1,FOODS_2_360,11542,8.78
CA_1,FOODS_2_360,11543,8.28
CA_1,FOODS_2_360,11544,8.55
CA_1,FOODS_2_360,11545,8.85
CA_1,FOODS_2_360,11546,8.28
CA_1,FOODS_2_360,11547,8.65
CA_1,FOODS_2_360,11548,8.54
CA_1,FOODS_2_360,11549,8.37
CA_1,FOODS_2_360,11550,8.84
CA_1,FOODS_2_360,11551,8.47
CA_1,FOODS_2_360,11552,9.09
CA_1,FOODS_2_360,11553,8.59
CA_1,FOODS_2_360,11554,8.87
CA_1,FOODS_2_360,11555,9.0
CA_1,FOODS_2_360,11556,8.71
CA_1,FOODS_2_360,11557,8.65
CA_1,FOODS_2_360,11558,8.8
CA_1,FOODS_2_360,11559,8.99
CA_1,FOODS_2_360,11560,8.71
CA_1,FOODS_2_360,11561,8.48
CA_1,FOODS_2_360,11562,8.32
CA_1,FOODS_2_360,11563,8.71
CA_1,FOODS_2_360,11564,8.42
CA_1,FOODS_2_360,11565,8.84
CA_1,FOODS_2_360,11566,8.91
CA_1,FOODS_2_360,11567,8.76
CA_1,FOODS_2_360,11568,8.62
CA_1,FOODS_2_360,11569,8.77
CA_1,FOODS_2_360,11570,8.64
CA_1,FOODS_2_360,11571,8.58
CA_1,FOODS_2_360,11572,8.54
CA_1,FOODS_2_360,11573,8.66
CA_1,FOODS_2_360,11574,8.64
CA_1,FOODS_2_360,11575,8.9
CA_1,FOODS_2_360,11576,8.76
CA_1,FOODS_2_360,11577,8.35
CA_1,FOODS_2_360,11578,8.74
CA_1,FOODS_2_360,11579,8.66
CA_1,FOODS_2_360,11580,8.7
CA_1,FOODS_2_360,11581,8.58
CA_1,FOODS_2_360,11582,8.64
CA_1,FOODS_2_360,11583,8.99
CA_1,FOODS_2_360,11584,8.56
CA_1,FOODS_2_360,11585,8.5
CA_1,FOODS_2_360,11586,8.49
CA_1,FOODS_2_360,11587,8.41
CA_1,FOODS_2_360,11588,8.77
CA_1,FOODS_2_360,11589,8.89
CA_1,FOODS_2_360,11590,8.51
CA_1,FOODS_2_360,11591,8.75
CA_1,FOODS_2_360,11592,8.86
CA_1,FOODS_2_360,11593,8.68
CA_1,FOODS_2_360,11594,8.64
CA_1,FOODS_2_360,11595,8.49
CA_1,FOODS_2_360,11596,8.77
CA_1,FOODS_2_360,11597,8.58
CA_1,FOODS_2_360,11598,8.77
CA_1,FOODS_2_360,11599,8.52
CA_1,FOODS_2_360,11600,8.71
CA_1,FOODS_2_360,11601,8.87
CA_1,FOODS_2_360,11602,8.74
CA_1,FOODS_2_360,11603,8.5
CA_1,FOODS_2_360,11604,8.4
CA_1,FOODS_2_360,11605,8.65
TX_1,FOODS_2_360,11501,26.84
TX_1,FOODS_2_360,11502,27.62
TX_1,FOODS_2_360,11503,28.12
TX_1,FOODS_2_360,11504,26.25
TX_1,FOODS_2_360,11505,26.73
TX_1,FOODS_2_360,11506,26.31
TX_1,FOODS_2_360,11507,25.96
TX_1,FOODS_2_360,11508,26.61
TX_1,FOODS_2_360,11509,26.48
TX_1,FOODS_2_360,11510,26.28
TX_1,FOODS_2_360,11511,26.08
TX_1,FOODS_2_360,11512,26.4
TX_1,FOODS_2_360,11513,26.07
TX_1,FOODS_2_360,11514,26.22
TX_1,FOODS_2_360,11515,25.59
TX_1,FOODS_2_360,11516,25.78
TX_1,FOODS_2_360,11517,25.96
TX_1,FOODS_2_360,11518,26.45
TX_1,FOODS_2_360,11519,26.37
TX_1,FOODS_2_360,11520,25.93
TX_1,FOODS_2_360,11521,25.99
TX_1,FOODS_2_360,11522,26.45
TX_1,FOODS_2_360,11523,26.0
TX_1,FOODS_2_360,11524,25.69
TX_1,FOODS_2_360,11525,26.76
TX_1,FOODS_2_360,11526,25.42
TX_1,FOODS_2_360,11527,25.63
TX_1,FOODS_2_360,11528,27.05
TX_1,FOODS_2_360,11529,25.55
TX_1,FOODS_2_360,11530,27.3
TX_1,FOODS_2_360,11531,25.55
TX_1,FOODS_2_360,11532,25.68
TX_1,FOODS_2_360,11533,25.62
TX_1,FOODS_2_360,11534,25.45
TX_1,FOODS_2_360,11535,27.23
TX_1,FOODS_2_360,11536,27.11
TX_1,FOODS_2_360,11537,25.4
TX_1,FOODS_2_360,11538,27.35
TX_1,FOODS_2_360,11539,25.51
TX_1,FOODS_2_360,11540,28.26
TX_1,FOODS_2_360,11541,26.22
TX_1,FOODS_2_360,11542,25.92
TX_1,FOODS_2_360,11543,26.64
TX_1,FOODS_2_360,11544,25.74
TX_1,FOODS_2_360,11545,25.39
TX_1,FOODS_2_360,11546,26.03
TX_1,FOODS_2_360,11547,26.37
TX_1,FOODS_2_360,11548,24.89
TX_1,FOODS_2_360,11549,25.73
TX_1,FOODS_2_360,11550,27.6
TX_1,FOODS_2_360,11551,26.31
TX_1,FOODS_2_360,11552,24.74
TX_1,FOODS_2_360,11553,26.32
TX_1,FOODS_2_360,11554,26.55
TX_1,FOODS_2_360,11555,26.3
TX_1,FOODS_2_360,11556,26.83
TX_1,FOODS_2_360,11557,26.13
TX_1,FOODS_2_360,11558,26.98
TX_1,FOODS_2_360,11559,26.31
TX_1,FOODS_2_360,11560,26.39
TX_1,FOODS_2_360,11561,26.54
TX_1,FOODS_2_360,11562,26.77
TX_1,FOODS_2_360,11563,26.55
TX_1,FOODS_2_360,11564,25.83
TX_1,FOODS_2_360,11565,27.37
TX_1,FOODS_2_360,11566,25.8
TX_1,FOODS_2_360,11567,25.74
TX_1,FOODS_2_360,11568,25.04
TX_1,FOODS_2_360,11569,26.15
TX_1,FOODS_2_360,11570,25.99
TX_1,FOODS_2_360,11571,26.36
TX_1,FOODS_2_360,11572,25.77
TX_1,FOODS_2_360,11573,27.4
TX_1,FOODS_2_360,11574,25.93
TX_1,FOODS_2_360,11575,25.93
TX_1,FOODS_2_360,11576,26.27
TX_1,FOODS_2_360,11577,26.56
TX_1,FOODS_2_360,11578,27.11
TX_1,FOODS_2_360,11579,26.66
TX_1,FOODS_2_360,11580,26.65
TX_1,FOODS_2_360,11581,26.39
TX_1,FOODS_2_360,11582,25.78
TX_1,FOODS_2_360,11583,25.91
TX_1,FOODS_2_360,11584,24.86
TX_1,FOODS_2_360,11585,26.11
TX_1,FOODS_2_360,11586,26.74
TX_1,FOODS_2_360,11587,26.14
TX_1,FOODS_2_360,11588,26.6
TX_1,FOODS_2_360,11589,27.56
TX_1,FOODS_2_360,11590,26.38
TX_1,FOODS_2_360,11591,26.69
TX_1,FOODS_2_360,11592,26.39
TX_1,FOODS_2_360,11593,25.78
TX_1,FOODS_2_360,11594,26.17
TX_1,FOODS_2_360,11595,25.6
TX_1,FOODS_2_360,11596,26.87
TX_1,FOODS_2_360,11597,26.93
TX_1,FOODS_2_360,11598,26.25
TX_1,FOODS_2_360,11599,27.48
TX_1,FOODS_2_360,11600,26.17
TX_1,FOODS_2_360,11601,26.89
TX_1,FOODS_2_360,11602,26.15
TX_1,FOODS_2_360,11603,26.61
TX_1,FOODS_2_360,11604,25.4
TX_1,FOODS_2_360,11605,25.99
CA_1,FOODS_3_080,11501,7.44
CA_1,FOODS_3_080,11502,7.29
CA_1,FOODS_3_080,11503,7.53
CA_1,FOODS_3_080,11504,7.21
CA_1,FOODS_3_080,11505,7.11
CA_1,FOODS_3_080,11506,7.62
CA_1,FOODS_3_080,11507,7.0
CA_1,FOODS_3_080,11508,7.15
CA_1,FOODS_3_080,11509,7.28
CA_1,FOODS_3_080,11510,7.23
CA_1,FOODS_3_080,11511,7.3
CA_1,FOODS_3_080,11512,7.3
CA_1,FOODS_3_080,11513,7.68
CA_1,FOODS_3_080,11514,7.24
CA_1,FOODS_3_080,11515,7.35
CA_1,FOODS_3_080,11516,7.29
CA_1,FOODS_3_080,11517,6.84
CA_1,FOODS_3_080,11518,7.06
CA_1,FOODS_3_080,11519,6.88
CA_1,FOODS_3_080,11520,7.08
CA_1,FOODS_3_080,11521,7.24
CA_1,FOODS_3_080,11522,7.43
CA_1,FOODS_3_080,11523,7.52
CA_1,FOODS_3_080,11524,7.73
CA_1,FOODS_3_080,11525,7.29
CA_1,FOODS_3_080,11526,7.28
CA_1,FOODS_3_080,11527,7.01
CA_1,FOODS_3_080,11528,7.09
CA_1,FOODS_3_080,11529,7.42
CA_1,FOODS_3_080,11530,7.63
CA_1,FOODS_3_080,11531,7.53
CA_1,FOODS_3_080,11532,7.16
CA_1,FOODS_3_080,11533,7.06
CA_1,FOODS_3_080,11534,6.94
CA_1,FOODS_3_080,11535,7.26
CA_1,FOODS_3_080,11536,7.63
CA_1,FOODS_3_080,11537,7.18
CA_1,FOODS_3_080,11538,7.16
CA_1,FOODS_3_080,11539,7.23
CA_1,FOODS_3_080,11540,7.22
CA_1,FOODS_3_080,11541,7.29
CA_1,FOODS_3_080,11542,6.82
CA_1,FOODS_3_080,11543,7.09
CA_1,FOODS_3_080,11544,7.2
CA_1,FOODS_3_080,11545,7.32
CA_1,FOODS_3_080,11546,7.17
CA_1,FOODS_3_080,11547,7.31
CA_1,FOODS_3_080,11548,7.16
CA_1,FOODS_3_080,11549,7.43
CA_1,FOODS_3_080,11550,7.33
CA_1,FOODS_3_080,11551,7.31
CA_1,FOODS_3_080,11552,7.42
CA_1,FOODS_3_080,11553,7.38
CA_1,FOODS_3_080,11554,7.17
CA_1,FOODS_3_080,11555,7.13
CA_1,FOODS_3_080,11556,7.52
CA_1,FOODS_3_080,11557,7.63
CA_1,FOODS_3_080,11558,7.49
CA_1,FOODS_3_080,11559,7.49
CA_1,FOODS_3_080,11560,7.09
CA_1,FOODS_3_080,11561,7.25
CA_1,FOODS_3_080,11562,7.23
CA_1,FOODS_3_080,11563,7.22
CA_1,FOODS_3_080,11564,7.13
CA_1,FOODS_3_080,11565,7.34
CA_1,FOODS_3_080,11566,7.34
CA_1,FOODS_3_080,11567,7.11
CA_1,FOODS_3_080,11568,7.14
CA_1,FOODS_3_080,11569,7.32
CA_1,FOODS_3_080,11570,7.27
CA_1,FOODS_3_080,11571,7.17
CA_1,FOODS_3_080,11572,7.24
CA_1,FOODS_3_080,11573,7.04
CA_1,FOODS_3_080,11574,7.4
CA_1,FOODS_3_080,11575,7.21
CA_1,FOODS_3_080,11576,7.2
CA_1,FOODS_3_080,11577,7.37
CA_1,FOODS_3_080,11578,7.47
CA_1,FOODS_3_080,11579,7.28
CA_1,FOODS_3_080,11580,7.17
CA_1,FOODS_3_080,11581,7.35
CA_1,FOODS_3_080,11582,7.29
CA_1,FOODS_3_080,11583,7.34
CA_1,FOODS_3_080,11584,7.43
CA_1,FOODS_3_080,11585,7.25
CA_1,FOODS_3_080,11586,7.47
CA_1,FOODS_3_080,11587,7.18
CA_1,FOODS_3_080,11588,7.16
CA_1,FOODS_3_080,11589,7.44
CA_1,FOODS_3_080,11590,7.36
CA_1,FOODS_3_080,11591,7.25
CA_1,FOODS_3_080,11592,7.28
CA_1,FOODS_3_080,11593,7.23
CA_1,FOODS_3_080,11594,7.24
CA_1,FOODS_3_080,11595,7.06
CA_1,FOODS_3_080,11596,7.14
CA_1,FOODS_3_080,11597,7.25
CA_1,FOODS_3_080,11598,6.99
CA_1,FOODS_3_080,11599,6.89
CA_1,FOODS_3_080,11600,6.99
CA_1,FOODS_3_080,11601,7.49
CA_1,FOODS_3_080,11602,7.63
CA_1,FOODS_3_080,11603,7.33
CA_1,FOODS_3_080,11604,7.25
CA_1,FOODS_3_080,11605,7.49
TX_1,FOODS_3_080,11501,29.5
TX_1,FOODS_3_080,11502,29.51
TX_1,FOODS_3_080,11503,29.09
TX_1,FOODS_3_080,11504,27.92
TX_1,FOODS_3_080,11505,30.09
TX_1,FOODS_3_080,11506,28.86
TX_1,FOODS_3_080,11507,28.77
TX_1,FOODS_3_080,11508,28.17
TX_1,FOODS_3_080,11509,29.71
TX_1,FOODS_3_080,11510,29.55
TX_1,FOODS_3_080,11511,29.68
TX_1,FOODS_3_080,11512,28.95
TX_1,FOODS_3_080,11513,29.06
TX_1,FOODS_3_080,11514,28.77
TX_1,FOODS_3_080,11515,29.45
TX_1,FOODS_3_080,11516,29.27
TX_1,FOODS_3_080,11517,29.05
TX_1,FOODS_3_080,11518,28.37
TX_1,FOODS_3_080,11519,29.04
TX_1,FOODS_3_080,11520,28.19
TX_1,FOODS_3_080,11521,28.82
TX_1,FOODS_3_080,11522,28.67
TX_1,FOODS_3_080,11523,29.1
TX_1,FOODS_3_080,11524,29.47
TX_1,FOODS_3_080,11525,29.16
TX_1,FOODS_3_080,11526,28.84
TX_1,FOODS_3_080,11527,29.08
TX_1,FOODS_3_080,11528,29.39
TX_1,FOODS_3_080,11529,29.59
TX_1,FOODS_3_080,11530,30.26
TX_1,FOODS_3_080,11531,31.02
TX_1,FOODS_3_080,11532,30.34
TX_1,FOODS_3_080,11533,29.28
TX_1,FOODS_3_080,11534,28.6
TX_1,FOODS_3_080,11535,29.01
TX_1,FOODS_3_080,11536,29.43
TX_1,FOODS_3_080,11537,28.97
TX_1,FOODS_3_080,11538,29.04
TX_1,FOODS_3_080,11539,29.75
TX_1,FOODS_3_080,11540,29.13
TX_1,FOODS_3_080,11541,29.51
TX_1,FOODS_3_080,11542,29.12
TX_1,FOODS_3_080,11543,27.81
TX_1,FOODS_3_080,11544,27.81
TX_1,FOODS_3_080,11545,29.56
TX_1,FOODS_3_080,11546,29.22
TX_1,FOODS_3_080,11547,29.38
TX_1,FOODS_3_080,11548,29.48
TX_1,FOODS_3_080,11549,29.44
TX_1,FOODS_3_080,11550,29.24
TX_1,FOODS_3_080,11551,30.22
TX_1,FOODS_3_080,11552,29.44
TX_1,FOODS_3_080,11553,29.46
TX_1,FOODS_3_080,11554,28.9
TX_1,FOODS_3_080,11555,28.43
TX_1,FOODS_3_080,11556,30.87
TX_1,FOODS_3_080,11557,29.88
TX_1,FOODS_3_080,11558,29.46
TX_1,FOODS_3_080,11559,29.11
TX_1,FOODS_3_080,11560,29.74
TX_1,FOODS_3_080,11561,28.91
TX_1,FOODS_3_080,11562,29.79
TX_1,FOODS_3_080,11563,30.38
TX_1,FOODS_3_080,11564,29.22
TX_1,FOODS_3_080,11565,30.42
TX_1,FOODS_3_080,11566,29.09
TX_1,FOODS_3_080,11567,27.98
TX_1,FOODS_3_080,11568,29.88
TX_1,FOODS_3_080,11569,29.21
TX_1,FOODS_3_080,11570,29.89
TX_1,FOODS_3_080,11571,28.46
TX_1,FOODS_3_080,11572,28.93
TX_1,FOODS_3_080,11573,30.26
TX_1,FOODS_3_080,11574,29.5
TX_1,FOODS_3_080,11575,30.38
TX_1,FOODS_3_080,11576,28.82
TX_1,FOODS_3_080,11577,31.01
TX_1,FOODS_3_080,11578,30.95
TX_1,FOODS_3_080,11579,29.83
TX_1,FOODS_3_080,11580,29.39
TX_1,FOODS_3_080,11581,29.6
TX_1,FOODS_3_080,11582,30.05
TX_1,FOODS_3_080,11583,29.47
TX_1,FOODS_3_080,11584,29.03
TX_1,FOODS_3_080,11585,28.53
TX_1,FOODS_3_080,11586,27.69
TX_1,FOODS_3_080,11587,29.07
TX_1,FOODS_3_080,11588,27.77
TX_1,FOODS_3_080,11589,29.17
TX_1,FOODS_3_080,11590,30.42
TX_1,FOODS_3_080,11591,29.23
TX_1,FOODS_3_080,11592,28.59
TX_1,FOODS_3_080,11593,28.91
TX_1,FOODS_3_080,11594,28.69
TX_1,FOODS_3_080,11595,30.53
TX_1,FOODS_3_080,11596,28.8
TX_1,FOODS_3_080,11597,27.97
TX_1,FOODS_3_080,11598,31.15
TX_1,FOODS_3_080,11599,29.14
TX_1,FOODS_3_080,11600,28.64
TX_1,FOODS_3_080,11601,29.29
TX_1,FOODS_3_080,11602,29.11
TX_1,FOODS_3_080,11603,29.63
TX_1,FOODS_3_080,11604,29.16
TX_1,FOODS_3_080,11605,27.71
CA_1,FOODS_3_377,11501,3.52
CA_1,FOODS_3_377,11502,3.4
CA_1,FOODS_3_377,11503,3.51
CA_1,FOODS_3_377,11504,3.53
CA_1,FOODS_3_377,11505,3.55
CA_1,FOODS_3_377,11506,3.36
CA_1,FOODS_3_377,11507,3.36
CA_1,FOODS_3_377,11508,3.45
CA_1,FOODS_3_377,11509,3.29
CA_1,FOODS_3_377,11510,3.35
CA_1,FOODS_3_377,11511,3.47
CA_1,FOODS_3_377,11512,3.26
CA_1,FOODS_3_377,11513,3.29
CA_1,FOODS_3_377,11514,3.49
CA_1,FOODS_3_377,11515,3.3
CA_1,FOODS_3_377,11516,3.68
CA_1,FOODS_3_377,11517,3.36
CA_1,FOODS_3_377,11518,3.35
CA_1,FOODS_3_377,11519,3.32
CA_1,FOODS_3_377,11520,3.44
CA_1,FOODS_3_377,11521,3.43
CA_1,FOODS_3_377,11522,3.48
CA_1,FOODS_3_377,11523,3.42
CA_1,FOODS_3_377,11524,3.52
CA_1,FOODS_3_377,11525,3.42
CA_1,FOODS_3_377,11526,3.41
CA_1,FOODS_3_377,11527,3.46
CA_1,FOODS_3_377,11528,3.27
CA_1,FOODS_3_377,11529,3.35
CA_1,FOODS_3_377,11530,3.59
CA_1,FOODS_3_377,11531,3.29
CA_1,FOODS_3_377,11532,3.52
CA_1,FOODS_3_377,11533,3.24
CA_1,FOODS_3_377,11534,3.3
CA_1,FOODS_3_377,11535,3.37
CA_1,FOODS_3_377,11536,3.48
CA_1,FOODS_3_377,11537,3.43
CA_1,FOODS_3_377,11538,3.48
CA_1,FOODS_3_377,11539,3.4
CA_1,FOODS_3_377,11540,3.43
CA_1,FOODS_3_377,11541,3.44
CA_1,FOODS_3_377,11542,3.52
CA_1,FOODS_3_377,11543,3.59
CA_1,FOODS_3_377,11544,3.35
CA_1,FOODS_3_377,11545,3.43
CA_1,FOODS_3_377,11546,3.41
CA_1,FOODS_3_377,11547,3.47
CA_1,FOODS_3_377,11548,3.56
CA_1,FOODS_3_377,11549,3.45
CA_1,FOODS_3_377,11550,3.39
CA_1,FOODS_3_377,11551,3.53
CA_1,FOODS_3_377,11552,3.42
CA_1,FOODS_3_377,11553,3.43
CA_1,FOODS_3_377,11554,3.49
CA_1,FOODS_3_377,11555,3.33
CA_1,FOODS_3_377,11556,3.32
CA_1,FOODS_3_377,11557,3.36
CA_1,FOODS_3_377,11558,3.42
CA_1,FOODS_3_377,11559,3.53
CA_1,FOODS_3_377,11560,3.39
CA_1,FOODS_3_377,11561,3.4
CA_1,FOODS_3_377,11562,3.46
CA_1,FOODS_3_377,11563,3.36
CA_1,FOODS_3_377,11564,3.4
CA_1,FOODS_3_377,11565,3.44
CA_1,FOODS_3_377,11566,3.49
CA_1,FOODS_3_377,11567,3.53
CA_1,FOODS_3_377,11568,3.43
CA_1,FOODS_3_377,11569,3.42
CA_1,FOODS_3_377,11570,3.43
CA_1,FOODS_3_377,11571,3.46
CA_1,FOODS_3_377,11572,3.57
CA_1,FOODS_3_377,11573,3.63
CA_1,FOODS_3_377,11574,3.6
CA_1,FOODS_3_377,11575,3.54
CA_1,FOODS_3_377,11576,3.36
CA_1,FOODS_3_377,11577,3.46
CA_1,FOODS_3_377,11578,3.41
CA_1,FOODS_3_377,11579,3.43
CA_1,FOODS_3_377,11580,3.59
CA_1,FOODS_3_377,11581,3.56
CA_1,FOODS_3_377,11582,3.52
CA_1,FOODS_3_377,11583,3.67
CA_1,FOODS_3_377,11584,3.52
CA_1,FOODS_3_377,11585,3.57
CA_1,FOODS_3_377,11586,3.49
CA_1,FOODS_3_377,11587,3.46
CA_1,FOODS_3_377,11588,3.62
CA_1,FOODS_3_377,11589,3.38
CA_1,FOODS_3_377,11590,3.31
CA_1,FOODS_3_377,11591,3.36
CA_1,FOODS_3_377,11592,3.41
CA_1,FOODS_3_377,11593,3.52
CA_1,FOODS_3_377,11594,3.55
CA_1,FOODS_3_377,11595,3.38
CA_1,FOODS_3_377,11596,3.39
CA_1,FOODS_3_377,11597,3.41
CA_1,FOODS_3_377,11598,3.45
CA_1,FOODS_3_377,11599,3.44
CA_1,FOODS_3_377,11600,3.48
CA_1,FOODS_3_377,11601,3.36
CA_1,FOODS_3_377,11602,3.35
CA_1,FOODS_3_377,11603,3.37
CA_1,FOODS_3_377,11604,3.45
CA_1,FOODS_3_377,11605,3.34
TX_1,FOODS_3_377,11501,22.07
TX_1,FOODS_3_377,11502,22.59
TX_1,FOODS_3_377,11503,22.0
TX_1,FOODS_3_377,11504,21.2
TX_1,FOODS_3_377,11505,22.17
TX_1,FOODS_3_377,11506,21.48
TX_1,FOODS_3_377,11507,22.55
TX_1,FOODS_3_377,11508,22.02
TX_1,FOODS_3_377,11509,21.33
TX_1,FOODS_3_377,11510,21.86
TX_1,FOODS_3_377,11511,21.03
TX_1,FOODS_3_377,11512,21.88
TX_1,FOODS_3_377,11513,21.64
TX_1,FOODS_3_377,11514,22.93
TX_1,FOODS_3_377,11515,21.9
TX_1,FOODS_3_377,11516,21.82
TX_1,FOODS_3_377,11517,20.49
TX_1,FOODS_3_377,11518,22.13
TX_1,FOODS_3_377,11519,22.43
TX_1,FOODS_3_377,11520,22.43
TX_1,FOODS_3_377,11521,21.72
TX_1,FOODS_3_377,11522,21.45
TX_1,FOODS_3_377,11523,22.47
TX_1,FOODS_3_377,11524,21.74
TX_1,FOODS_3_377,11525,21.77
TX_1,FOODS_3_377,11526,21.61
TX_1,FOODS_3_377,11527,20.57
TX_1,FOODS_3_377,11528,21.34
TX_1,FOODS_3_377,11529,21.84
TX_1,FOODS_3_377,11530,22.12
TX_1,FOODS_3_377,11531,21.77
TX_1,FOODS_3_377,11532,22.08
TX_1,FOODS_3_377,11533,20.86
TX_1,FOODS_3_377,11534,21.27
TX_1,FOODS_3_377,11535,23.04
TX_1,FOODS_3_377,11536,22.17
TX_1,FOODS_3_377,11537,22.53
TX_1,FOODS_3_377,11538,21.64
TX_1,FOODS_3_377,11539,22.35
TX_1,FOODS_3_377,11540,22.33
TX_1,FOODS_3_377,11541,22.96
TX_1,FOODS_3_377,11542,22.03
TX_1,FOODS_3_377,11543,21.22
TX_1,FOODS_3_377,11544,21.37
TX_1,FOODS_3_377,11545,21.96
TX_1,FOODS_3_377,11546,20.37
TX_1,FOODS_3_377,11547,22.01
TX_1,FOODS_3_377,11548,22.1
TX_1,FOODS_3_377,11549,22.6
TX_1,FOODS_3_377,11550,20.8
TX_1,FOODS_3_377,11551,21.18
TX_1,FOODS_3_377,11552,21.85
TX_1,FOODS_3_377,11553,21.77
TX_1,FOODS_3_377,11554,21.8
TX_1,FOODS_3_377,11555,22.32
TX_1,FOODS_3_377,11556,21.98
TX_1,FOODS_3_377,11557,22.63
TX_1,FOODS_3_377,11558,22.45
TX_1,FOODS_3_377,11559,21.42
TX_1,FOODS_3_377,11560,21.95
TX_1,FOODS_3_377,11561,22.1
TX_1,FOODS_3_377,11562,22.83
TX_1,FOODS_3_377,11563,21.92
TX_1,FOODS_3_377,11564,22.11
TX_1,FOODS_3_377,11565,21.54
TX_1,FOODS_3_377,11566,22.09
TX_1,FOODS_3_377,11567,21.21
TX_1,FOODS_3_377,11568,21.44
TX_1,FOODS_3_377,11569,22.48
TX_1,FOODS_3_377,11570,22.26
TX_1,FOODS_3_377,11571,22.53
TX_1,FOODS_3_377,11572,23.03
TX_1,FOODS_3_377,11573,22.31
TX_1,FOODS_3_377,11574,21.93
TX_1,FOODS_3_377,11575,21.49
TX_1,FOODS_3_377,11576,21.5
TX_1,FOODS_3_377,11577,21.8
TX_1,FOODS_3_377,11578,21.76
TX_1,FOODS_3_377,11579,22.27
TX_1,FOODS_3_377,11580,21.31
TX_1,FOODS_3_377,11581,21.49
TX_1,FOODS_3_377,11582,21.99
TX_1,FOODS_3_377,11583,20.99
TX_1,FOODS_3_377,11584,22.59
TX_1,FOODS_3_377,11585,22.26
TX_1,FOODS_3_377,11586,21.9
TX_1,FOODS_3_377,11587,21.24
TX_1,FOODS_3_377,11588,21.72
TX_1,FOODS_3_377,11589,22.18
TX_1,FOODS_3_377,11590,21.45
TX_1,FOODS_3_377,11591,20.9
TX_1,FOODS_3_377,11592,22.05
TX_1,FOODS_3_377,11593,21.96
TX_1,FOODS_3_377,11594,21.53
TX_1,FOODS_3_377,11595,23.07
TX_1,FOODS_3_377,11596,21.34
TX_1,FOODS_3_377,11597,22.55
TX_1,FOODS_3_377,11598,22.16
TX_1,FOODS_3_377,11599,21.99
TX_1,FOODS_3_377,11600,23.06
TX_1,FOODS_3_377,11601,22.42
TX_1,FOODS_3_377,11602,21.43
TX_1,FOODS_3_377,11603,21.48
TX_1,FOODS_3_377,11604,21.38
TX_1,FOODS_3_377,11605,21.96
CA_1,FOODS_3_586,11501,23.88
CA_1,FOODS_3_586,11502,24.9
CA_1,FOODS_3_586,11503,25.79
CA_1,FOODS_3_586,11504,26.07
CA_1,FOODS_3_586,11505,25.74
CA_1,FOODS_3_586,11506,25.13
CA_1,FOODS_3_586,11507,25.88
CA_1,FOODS_3_586,11508,26.44
CA_1,FOODS_3_586,11509,25.54
CA_1,FOODS_3_586,11510,25.24
CA_1,FOODS_3_586,11511,26.31
CA_1,FOODS_3_586,11512,24.81
CA_1,FOODS_3_586,11513,25.7
CA_1,FOODS_3_586,11514,23.27
CA_1,FOODS_3_586,11515,24.98
CA_1,FOODS_3_586,11516,23.81
CA_1,FOODS_3_586,11517,25.7
CA_1,FOODS_3_586,11518,24.72
CA_1,FOODS_3_586,11519,25.63
CA_1,FOODS_3_586,11520,24.85
CA_1,FOODS_3_586,11521,24.9
CA_1,FOODS_3_586,11522,24.79
CA_1,FOODS_3_586,11523,25.57
CA_1,FOODS_3_586,11524,25.43
CA_1,FOODS_3_586,11525,24.66
CA_1,FOODS_3_586,11526,25.16
CA_1,FOODS_3_586,11527,24.78
CA_1,FOODS_3_586,11528,24.92
CA_1,FOODS_3_586,11529,24.92
CA_1,FOODS_3_586,11530,24.87
CA_1,FOODS_3_586,11531,25.65
CA_1,FOODS_3_586,11532,25.65
CA_1,FOODS_3_586,11533,24.23
CA_1,FOODS_3_586,11534,25.07
CA_1,FOODS_3_586,11535,26.86
CA_1,FOODS_3_586,11536,26.04
CA_1,FOODS_3_586,11537,26.59
CA_1,FOODS_3_586,11538,24.6
CA_1,FOODS_3_586,11539,24.99
CA_1,FOODS_3_586,11540,24.69
CA_1,FOODS_3_586,11541,25.24
CA_1,FOODS_3_586,11542,25.39
CA_1,FOODS_3_586,11543,25.55
CA_1,FOODS_3_586,11544,24.94
CA_1,FOODS_3_586,11545,24.81
CA_1,FOODS_3_586,11546,24.66
CA_1,FOODS_3_586,11547,25.12
CA_1,FOODS_3_586,11548,25.61
CA_1,FOODS_3_586,11549,25.69
CA_1,FOODS_3_586,11550,26.03
CA_1,FOODS_3_586,11551,25.45
CA_1,FOODS_3_586,11552,25.72
CA_1,FOODS_3_586,11553,24.33
CA_1,FOODS_3_586,11554,25.87
CA_1,FOODS_3_586,11555,25.94
CA_1,FOODS_3_586,11556,26.34
CA_1,FOODS_3_586,11557,26.56
CA_1,FOODS_3_586,11558,24.5
CA_1,FOODS_3_586,11559,25.81
CA_1,FOODS_3_586,11560,25.0
CA_1,FOODS_3_586,11561,24.93
CA_1,FOODS_3_586,11562,25.0
CA_1,FOODS_3_586,11563,24.93
CA_1,FOODS_3_586,11564,25.14
CA_1,FOODS_3_586,11565,24.96
CA_1,FOODS_3_586,11566,25.53
CA_1,FOODS_3_586,11567,25.67
CA_1,FOODS_3_586,11568,25.98
CA_1,FOODS_3_586,11569,25.57
CA_1,FOODS_3_586,11570,25.18
CA_1,FOODS_3_586,11571,25.68
CA_1,FOODS_3_586,11572,25.88
CA_1,FOODS_3_586,11573,25.61
CA_1,FOODS_3_586,11574,25.58
CA_1,FOODS_3_586,11575,26.96
CA_1,FOODS_3_586,11576,24.87
CA_1,FOODS_3_586,11577,25.81
CA_1,FOODS_3_586,11578,25.34
CA_1,FOODS_3_586,11579,24.19
CA_1,FOODS_3_586,11580,24.16
CA_1,FOODS_3_586,11581,24.05
CA_1,FOODS_3_586,11582,25.26
CA_1,FOODS_3_586,11583,24.22
CA_1,FOODS_3_586,11584,25.18
CA_1,FOODS_3_586,11585,25.33
CA_1,FOODS_3_586,11586,24.93
CA_1,FOODS_3_586,11587,25.08
CA_1,FOODS_3_586,11588,25.82
CA_1,FOODS_3_586,11589,24.68
CA_1,FOODS_3_586,11590,25.28
CA_1,FOODS_3_586,11591,23.82
CA_1,FOODS_3_586,11592,25.4
CA_1,FOODS_3_586,11593,26.06
CA_1,FOODS_3_586,11594,25.74
CA_1,FOODS_3_586,11595,25.08
CA_1,FOODS_3_586,11596,24.98
CA_1,FOODS_3_586,11597,26.3
CA_1,FOODS_3_586,11598,25.64
CA_1,FOODS_3_586,11599,25.28
CA_1,FOODS_3_586,11600,25.65
CA_1,FOODS_3_586,11601,24.88
CA_1,FOODS_3_586,11602,25.14
CA_1,FOODS_3_586,11603,24.77
CA_1,FOODS_3_586,11604,25.79
CA_1,FOODS_3_586,11605,24.64
TX_1,FOODS_3_586,11501,32.52
TX_1,FOODS_3_586,11502,30.12
TX_1,FOODS_3_586,11503,31.54
TX_1,FOODS_3_586,11504,31.43
TX_1,FOODS_3_586,11505,32.31
TX_1,FOODS_3_586,11506,32.3
TX_1,FOODS_3_586,11507,33.75
TX_1,FOODS_3_586,11508,31.41
TX_1,FOODS_3_586,11509,30.94
TX_1,FOODS_3_586,11510,33.12
TX_1,FOODS_3_586,11511,31.63
TX_1,FOODS_3_586,11512,32.25
TX_1,FOODS_3_586,11513,31.74
TX_1,FOODS_3_586,11514,32.64
TX_1,FOODS_3_586,11515,32.43
TX_1,FOODS_3_586,11516,31.85
TX_1,FOODS_3_586,11517,32.17
TX_1,FOODS_3_586,11518,31.76
TX_1,FOODS_3_586,11519,32.19
TX_1,FOODS_3_586,11520,31.79
TX_1,FOODS_3_586,11521,33.32
TX_1,FOODS_3_586,11522,31.93
TX_1,FOODS_3_586,11523,31.78
TX_1,FOODS_3_586,11524,30.7
TX_1,FOODS_3_586,11525,31.28
TX_1,FOODS_3_586,11526,32.63
TX_1,FOODS_3_586,11527,32.02
TX_1,FOODS_3_586,11528,31.88
TX_1,FOODS_3_586,11529,32.74
TX_1,FOODS_3_586,11530,33.2
TX_1,FOODS_3_586,11531,31.47
TX_1,FOODS_3_586,11532,31.96
TX_1,FOODS_3_586,11533,30.47
TX_1,FOODS_3_586,11534,32.92
TX_1,FOODS_3_586,11535,34.44
TX_1,FOODS_3_586,11536,31.87
TX_1,FOODS_3_586,11537,31.85
TX_1,FOODS_3_586,11538,32.08
TX_1,FOODS_3_586,11539,32.34
TX_1,FOODS_3_586,11540,32.38
TX_1,FOODS_3_586,11541,32.37
TX_1,FOODS_3_586,11542,31.03
TX_1,FOODS_3_586,11543,32.11
TX_1,FOODS_3_586,11544,32.66
TX_1,FOODS_3_586,11545,31.19
TX_1,FOODS_3_586,11546,31.06
TX_1,FOODS_3_586,11547,31.7
TX_1,FOODS_3_586,11548,32.29
TX_1,FOODS_3_586,11549,32.65
TX_1,FOODS_3_586,11550,32.78
TX_1,FOODS_3_586,11551,31.46
TX_1,FOODS_3_586,11552,30.64
TX_1,FOODS_3_586,11553,33.41
TX_1,FOODS_3_586,11554,33.14
TX_1,FOODS_3_586,11555,31.79
TX_1,FOODS_3_586,11556,32.76
TX_1,FOODS_3_586,11557,32.38
TX_1,FOODS_3_586,11558,32.01
TX_1,FOODS_3_586,11559,33.6
TX_1,FOODS_3_586,11560,31.63
TX_1,FOODS_3_586,11561,31.02
TX_1,FOODS_3_586,11562,32.27
TX_1,FOODS_3_586,11563,31.68
TX_1,FOODS_3_586,11564,32.29
TX_1,FOODS_3_586,11565,31.91
TX_1,FOODS_3_586,11566,31.58
TX_1,FOODS_3_586,11567,31.97
TX_1,FOODS_3_586,11568,30.92
TX_1,FOODS_3_586,11569,30.92
TX_1,FOODS_3_586,11570,31.95
TX_1,FOODS_3_586,11571,32.47
TX_1,FOODS_3_586,11572,30.8
TX_1,FOODS_3_586,11573,32.51
TX_1,FOODS_3_586,11574,31.76
TX_1,FOODS_3_586,11575,32.46
TX_1,FOODS_3_586,11576,32.34
TX_1,FOODS_3_586,11577,32.93
TX_1,FOODS_3_586,11578,32.03
TX_1,FOODS_3_586,11579,30.83
TX_1,FOODS_3_586,11580,33.79
TX_1,FOODS_3_586,11581,32.23
TX_1,FOODS_3_586,11582,32.27
TX_1,FOODS_3_586,11583,32.04
TX_1,FOODS_3_586,11584,33.28
TX_1,FOODS_3_586,11585,31.17
TX_1,FOODS_3_586,11586,31.04
TX_1,FOODS_3_586,11587,31.59
TX_1,FOODS_3_586,11588,32.47
TX_1,FOODS_3_586,11589,31.57
TX_1,FOODS_3_586,11590,31.54
TX_1,FOODS_3_586,11591,31.25
TX_1,FOODS_3_586,11592,32.84
TX_1,FOODS_3_586,11593,32.44
TX_1,FOODS_3_586,11594,32.79
TX_1,FOODS_3_586,11595,31.72
TX_1,FOODS_3_586,11596,32.09
TX_1,FOODS_3_586,11597,32.75
TX_1,FOODS_3_586,11598,31.5
TX_1,FOODS_3_586,11599,32.96
TX_1,FOODS_3_586,11600,32.5
TX_1,FOODS_3_586,11601,33.19
TX_1,FOODS_3_586,11602,32.9
TX_1,FOODS_3_586,11603,30.83
TX_1,FOODS_3_586,11604,31.69
TX_1,FOODS_3_586,11605,30.27
CA_1,FOODS_3_702,11501,22.2
CA_1,FOODS_3_702,11502,23.52
CA_1,FOODS_3_702,11503,22.74
CA_1,FOODS_3_702,11504,23.01
CA_1,FOODS_3_702,11505,22.47
CA_1,FOODS_3_702,11506,22.57
CA_1,FOODS_3_702,11507,23.14
CA_1,FOODS_3_702,11508,22.66
CA_1,FOODS_3_702,11509,22.63
CA_1,FOODS_3_702,11510,23.05
CA_1,FOODS_3_702,11511,22.14
CA_1,FOODS_3_702,11512,22.86
CA_1,FOODS_3_702,11513,22.89
CA_1,FOODS_3_702,11514,21.75
CA_1,FOODS_3_702,11515,22.13
CA_1,FOODS_3_702,11516,22.38
CA_1,FOODS_3_702,11517,22.48
CA_1,FOODS_3_702,11518,23.03
CA_1,FOODS_3_702,11519,22.23
CA_1,FOODS_3_702,11520,22.22
CA_1,FOODS_3_702,11521,23.11
CA_1,FOODS_3_702,11522,23.3
CA_1,FOODS_3_702,11523,23.32
CA_1,FOODS_3_702,11524,22.11
CA_1,FOODS_3_702,11525,22.23
CA_1,FOODS_3_702,11526,21.78
CA_1,FOODS_3_702,11527,21.27
CA_1,FOODS_3_702,11528,22.04
CA_1,FOODS_3_702,11529,22.38
CA_1,FOODS_3_702,11530,22.87
CA_1,FOODS_3_702,11531,23.23
CA_1,FOODS_3_702,11532,22.69
CA_1,FOODS_3_702,11533,23.57
CA_1,FOODS_3_702,11534,22.24
CA_1,FOODS_3_702,11535,23.53
CA_1,FOODS_3_702,11536,22.28
CA_1,FOODS_3_702,11537,23.03
CA_1,FOODS_3_702,11538,22.88
CA_1,FOODS_3_702,11539,23.43
CA_1,FOODS_3_702,11540,23.6
CA_1,FOODS_3_702,11541,22.18
CA_1,FOODS_3_702,11542,21.44
CA_1,FOODS_3_702,11543,22.64
CA_1,FOODS_3_702,11544,22.98
CA_1,FOODS_3_702,11545,22.75
CA_1,FOODS_3_702,11546,24.41
CA_1,FOODS_3_702,11547,23.07
CA_1,FOODS_3_702,11548,23.06
CA_1,FOODS_3_702,11549,22.02
CA_1,FOODS_3_702,11550,22.44
CA_1,FOODS_3_702,11551,23.03
CA_1,FOODS_3_702,11552,22.93
CA_1,FOODS_3_702,11553,22.8
CA_1,FOODS_3_702,11554,23.47
CA_1,FOODS_3_702,11555,22.37
CA_1,FOODS_3_702,11556,23.0
CA_1,FOODS_3_702,11557,22.39
CA_1,FOODS_3_702,11558,24.37
CA_1,FOODS_3_702,11559,22.32
CA_1,FOODS_3_702,11560,23.94
CA_1,FOODS_3_702,11561,22.62
CA_1,FOODS_3_702,11562,22.39
CA_1,FOODS_3_702,11563,22.74
CA_1,FOODS_3_702,11564,22.11
CA_1,FOODS_3_702,11565,22.24
CA_1,FOODS_3_702,11566,23.69
CA_1,FOODS_3_702,11567,23.02
CA_1,FOODS_3_702,11568,23.29
CA_1,FOODS_3_702,11569,22.49
CA_1,FOODS_3_702,11570,23.15
CA_1,FOODS_3_702,11571,22.84
CA_1,FOODS_3_702,11572,22.36
CA_1,FOODS_3_702,11573,24.57
CA_1,FOODS_3_702,11574,21.97
CA_1,FOODS_3_702,11575,22.81
CA_1,FOODS_3_702,11576,23.08
CA_1,FOODS_3_702,11577,22.93
CA_1,FOODS_3_702,11578,22.51
CA_1,FOODS_3_702,11579,22.39
CA_1,FOODS_3_702,11580,22.96
CA_1,FOODS_3_702,11581,22.34
CA_1,FOODS_3_702,11582,23.42
CA_1,FOODS_3_702,11583,22.89
CA_1,FOODS_3_702,11584,22.66
CA_1,FOODS_3_702,11585,22.83
CA_1,FOODS_3_702,11586,23.06
CA_1,FOODS_3_702,11587,23.51
CA_1,FOODS_3_702,11588,22.99
CA_1,FOODS_3_702,11589,22.88
CA_1,FOODS_3_702,11590,23.28
CA_1,FOODS_3_702,11591,21.95
CA_1,FOODS_3_702,11592,22.45
CA_1,FOODS_3_702,11593,22.67
CA_1,FOODS_3_702,11594,22.26
CA_1,FOODS_3_702,11595,23.17
CA_1,FOODS_3_702,11596,22.78
CA_1,FOODS_3_702,11597,22.12
CA_1,FOODS_3_702,11598,22.05
CA_1,FOODS_3_702,11599,22.76
CA_1,FOODS_3_702,11600,23.13
CA_1,FOODS_3_702,11601,22.81
CA_1,FOODS_3_702,11602,24.24
CA_1,FOODS_3_702,11603,22.65
CA_1,FOODS_3_702,11604,22.43
CA_1,FOODS_3_702,11605,23.5
TX_1,FOODS_3_702,11501,12.7
TX_1,FOODS_3_702,11502,12.73
TX_1,FOODS_3_702,11503,12.19
TX_1,FOODS_3_702,11504,12.11
TX_1,FOODS_3_702,11505,12.52
TX_1,FOODS_3_702,11506,12.04
TX_1,FOODS_3_702,11507,12.15
TX_1,FOODS_3_702,11508,11.7
TX_1,FOODS_3_702,11509,12.25
TX_1,FOODS_3_702,11510,12.75
TX_1,FOODS_3_702,11511,12.3
TX_1,FOODS_3_702,11512,11.79
TX_1,FOODS_3_702,11513,12.93
TX_1,FOODS_3_702,11514,12.09
TX_1,FOODS_3_702,11515,12.31
TX_1,FOODS_3_702,11516,12.4
TX_1,FOODS_3_702,11517,12.56
TX_1,FOODS_3_702,11518,12.44
TX_1,FOODS_3_702,11519,12.25
TX_1,FOODS_3_702,11520,12.29
TX_1,FOODS_3_702,11521,12.08
TX_1,FOODS_3_702,11522,11.97
TX_1,FOODS_3_702,11523,12.2
TX_1,FOODS_3_702,11524,12.77
TX_1,FOODS_3_702,11525,11.97
TX_1,FOODS_3_702,11526,11.89
TX_1,FOODS_3_702,11527,12.35
TX_1,FOODS_3_702,11528,12.61
TX_1,FOODS_3_702,11529,12.09
TX_1,FOODS_3_702,11530,11.99
TX_1,FOODS_3_702,11531,12.41
TX_1,FOODS_3_702,11532,12.34
TX_1,FOODS_3_702,11533,12.76
TX_1,FOODS_3_702,11534,12.66
TX_1,FOODS_3_702,11535,11.9
TX_1,FOODS_3_702,11536,11.98
TX_1,FOODS_3_702,11537,11.43
TX_1,FOODS_3_702,11538,12.35
TX_1,FOODS_3_702,11539,12.06
TX_1,FOODS_3_702,11540,12.9
TX_1,FOODS_3_702,11541,12.14
TX_1,FOODS_3_702,11542,12.19
TX_1,FOODS_3_702,11543,12.08
TX_1,FOODS_3_702,11544,12.32
TX_1,FOODS_3_702,11545,12.71
TX_1,FOODS_3_702,11546,11.64
TX_1,FOODS_3_702,11547,12.64
TX_1,FOODS_3_702,11548,11.69
TX_1,FOODS_3_702,11549,12.2
TX_1,FOODS_3_702,11550,11.96
TX_1,FOODS_3_702,11551,11.98
TX_1,FOODS_3_702,11552,11.87
TX_1,FOODS_3_702,11553,12.41
TX_1,FOODS_3_702,11554,12.15
TX_1,FOODS_3_702,11555,12.46
TX_1,FOODS_3_702,11556,12.49
TX_1,FOODS_3_702,11557,12.21
TX_1,FOODS_3_702,11558,12.49
TX_1,FOODS_3_702,11559,12.31
TX_1,FOODS_3_702,11560,12.14
TX_1,FOODS_3_702,11561,12.57
TX_1,FOODS_3_702,11562,12.75
TX_1,FOODS_3_702,11563,12.68
TX_1,FOODS_3_702,11564,11.77
TX_1,FOODS_3_702,11565,12.31
TX_1,FOODS_3_702,11566,12.69
TX_1,FOODS_3_702,11567,11.92
TX_1,FOODS_3_702,11568,12.26
TX_1,FOODS_3_702,11569,12.06
TX_1,FOODS_3_702,11570,12.37
TX_1,FOODS_3_702,11571,13.19
TX_1,FOODS_3_702,11572,12.29
TX_1,FOODS_3_702,11573,12.24
TX_1,FOODS_3_702,11574,12.98
TX_1,FOODS_3_702,11575,12.35
TX_1,FOODS_3_702,11576,12.1
TX_1,FOODS_3_702,11577,11.79
TX_1,FOODS_3_702,11578,12.63
TX_1,FOODS_3_702,11579,11.93
TX_1,FOODS_3_702,11580,12.23
TX_1,FOODS_3_702,11581,12.42
TX_1,FOODS_3_702,11582,12.49
TX_1,FOODS_3_702,11583,11.79
TX_1,FOODS_3_702,11584,11.96
TX_1,FOODS_3_702,11585,12.36
TX_1,FOODS_3_702,11586,11.8
TX_1,FOODS_3_702,11587,12.5
TX_1,FOODS_3_702,11588,11.88
TX_1,FOODS_3_702,11589,12.2
TX_1,FOODS_3_702,11590,12.14
TX_1,FOODS_3_702,11591,12.53
TX_1,FOODS_3_702,11592,12.13
TX_1,FOODS_3_702,11593,12.51
TX_1,FOODS_3_702,11594,12.64
TX_1,FOODS_3_702,11595,12.28
TX_1,FOODS_3_702,11596,12.37
TX_1,FOODS_3_702,11597,12.08
TX_1,FOODS_3_702,11598,11.95
TX_1,FOODS_3_702,11599,11.9
TX_1,FOODS_3_702,11600,12.32
TX_1,FOODS_3_702,11601,12.11
TX_1,FOODS_3_702,11602,12.42
TX_1,FOODS_3_702,11603,12.2
TX_1,FOODS_3_702,11604,12.14
TX_1,FOODS_3_702,11605,12.23
CA_1,HOUSEHOLD_1_179,11501,23.31
CA_1,HOUSEHOLD_1_179,11502,22.58
CA_1,HOUSEHOLD_1_179,11503,22.56
CA_1,HOUSEHOLD_1_179,11504,23.69
CA_1,HOUSEHOLD_1_179,11505,22.61
CA_1,HOUSEHOLD_1_179,11506,23.12
CA_1,HOUSEHOLD_1_179,11507,21.67
CA_1,HOUSEHOLD_1_179,11508,22.42
CA_1,HOUSEHOLD_1_179,11509,23.44
CA_1,HOUSEHOLD_1_179,11510,23.28
CA_1,HOUSEHOLD_1_179,11511,23.17
CA_1,HOUSEHOLD_1_179,11512,22.33
CA_1,HOUSEHOLD_1_179,11513,22.92
CA_1,HOUSEHOLD_1_179,11514,22.57
CA_1,HOUSEHOLD_1_179,11515,22.98
CA_1,HOUSEHOLD_1_179,11516,23.29
CA_1,HOUSEHOLD_1_179,11517,22.9
CA_1,HOUSEHOLD_1_179,11518,23.39
CA_1,HOUSEHOLD_1_179,11519,23.42
CA_1,HOUSEHOLD_1_179,11520,22.11
CA_1,HOUSEHOLD_1_179,11521,21.69
CA_1,HOUSEHOLD_1_179,11522,23.38
CA_1,HOUSEHOLD_1_179,11523,22.84
CA_1,HOUSEHOLD_1_179,11524,23.59
CA_1,HOUSEHOLD_1_179,11525,22.99
CA_1,HOUSEHOLD_1_179,11526,23.7
CA_1,HOUSEHOLD_1_179,11527,23.23
CA_1,HOUSEHOLD_1_179,11528,23.01
CA_1,HOUSEHOLD_1_179,11529,22.56
CA_1,HOUSEHOLD_1_179,11530,22.49
CA_1,HOUSEHOLD_1_179,11531,21.77
CA_1,HOUSEHOLD_1_179,11532,23.15
CA_1,HOUSEHOLD_1_179,11533,22.32
CA_1,HOUSEHOLD_1_179,11534,22.63
CA_1,HOUSEHOLD_1_179,11535,22.77
CA_1,HOUSEHOLD_1_179,11536,22.47
CA_1,HOUSEHOLD_1_179,11537,22.89
CA_1,HOUSEHOLD_1_179,11538,21.39
CA_1,HOUSEHOLD_1_179,11539,22.8
CA_1,HOUSEHOLD_1_179,11540,23.17
CA_1,HOUSEHOLD_1_179,11541,21.77
CA_1,HOUSEHOLD_1_179,11542,22.39
CA_1,HOUSEHOLD_1_179,11543,23.59
CA_1,HOUSEHOLD_1_179,11544,22.73
CA_1,HOUSEHOLD_1_179,11545,22.38
CA_1,HOUSEHOLD_1_179,11546,23.22
CA_1,HOUSEHOLD_1_179,11547,22.13
CA_1,HOUSEHOLD_1_179,11548,22.18
CA_1,HOUSEHOLD_1_179,11549,22.24
CA_1,HOUSEHOLD_1_179,11550,23.59
CA_1,HOUSEHOLD_1_179,11551,22.19
CA_1,HOUSEHOLD_1_179,11552,22.74
CA_1,HOUSEHOLD_1_179,11553,23.46
CA_1,HOUSEHOLD_1_179,11554,22.2
CA_1,HOUSEHOLD_1_179,11555,21.76
CA_1,HOUSEHOLD_1_179,11556,24.02
CA_1,HOUSEHOLD_1_179,11557,22.86
CA_1,HOUSEHOLD_1_179,11558,22.41
CA_1,HOUSEHOLD_1_179,11559,22.69
CA_1,HOUSEHOLD_1_179,11560,23.22
CA_1,HOUSEHOLD_1_179,11561,21.88
CA_1,HOUSEHOLD_1_179,11562,22.51
CA_1,HOUSEHOLD_1_179,11563,23.26
CA_1,HOUSEHOLD_1_179,11564,23.65
CA_1,HOUSEHOLD_1_179,11565,23.64
CA_1,HOUSEHOLD_1_179,11566,22.85
CA_1,HOUSEHOLD_1_179,11567,23.67
CA_1,HOUSEHOLD_1_179,11568,21.79
CA_1,HOUSEHOLD_1_179,11569,22.87
CA_1,HOUSEHOLD_1_179,11570,21.25
CA_1,HOUSEHOLD_1_179,11571,23.62
CA_1,HOUSEHOLD_1_179,11572,23.05
CA_1,HOUSEHOLD_1_179,11573,23.82
CA_1,HOUSEHOLD_1_179,11574,22.44
CA_1,HOUSEHOLD_1_179,11575,22.0
CA_1,HOUSEHOLD_1_179,11576,23.25
CA_1,HOUSEHOLD_1_179,11577,22.69
CA_1,HOUSEHOLD_1_179,11578,23.42
CA_1,HOUSEHOLD_1_179,11579,23.24
CA_1,HOUSEHOLD_1_179,11580,22.61
CA_1,HOUSEHOLD_1_179,11581,22.77
CA_1,HOUSEHOLD_1_179,11582,22.65
CA_1,HOUSEHOLD_1_179,11583,22.8
CA_1,HOUSEHOLD_1_179,11584,22.5
CA_1,HOUSEHOLD_1_179,11585,23.14
CA_1,HOUSEHOLD_1_179,11586,21.8
CA_1,HOUSEHOLD_1_179,11587,21.68
CA_1,HOUSEHOLD_1_179,11588,22.53
CA_1,HOUSEHOLD_1_179,11589,22.43
CA_1,HOUSEHOLD_1_179,11590,22.49
CA_1,HOUSEHOLD_1_179,11591,23.5
CA_1,HOUSEHOLD_1_179,11592,22.86
CA_1,HOUSEHOLD_1_179,11593,23.23
CA_1,HOUSEHOLD_1_179,11594,23.08
CA_1,HOUSEHOLD_1_179,11595,23.65
CA_1,HOUSEHOLD_1_179,11596,22.42
CA_1,HOUSEHOLD_1_179,11597,23.12
CA_1,HOUSEHOLD_1_179,11598,22.66
CA_1,HOUSEHOLD_1_179,11599,22.16
CA_1,HOUSEHOLD_1_179,11600,22.09
CA_1,HOUSEHOLD_1_179,11601,22.66
CA_1,HOUSEHOLD_1_179,11602,23.39
CA_1,HOUSEHOLD_1_179,11603,22.46
CA_1,HOUSEHOLD_1_179,11604,22.5
CA_1,HOUSEHOLD_1_179,11605,22.39
TX_1,HOUSEHOLD_1_179,11501,13.36
TX_1,HOUSEHOLD_1_179,11502,13.9
TX_1,HOUSEHOLD_1_179,11503,13.61
TX_1,HOUSEHOLD_1_179,11504,13.33
TX_1,HOUSEHOLD_1_179,11505,13.39
TX_1,HOUSEHOLD_1_179,11506,13.63
TX_1,HOUSEHOLD_1_179,11507,13.32
TX_1,HOUSEHOLD_1_179,11508,13.82
TX_1,HOUSEHOLD_1_179,11509,13.94
TX_1,HOUSEHOLD_1_179,11510,13.13
TX_1,HOUSEHOLD_1_179,11511,13.42
TX_1,HOUSEHOLD_1_179,11512,13.66
TX_1,HOUSEHOLD_1_179,11513,13.96
TX_1,HOUSEHOLD_1_179,11514,12.64
TX_1,HOUSEHOLD_1_179,11515,13.3
TX_1,HOUSEHOLD_1_179,11516,12.66
TX_1,HOUSEHOLD_1_179,11517,13.78
TX_1,HOUSEHOLD_1_179,11518,13.52
TX_1,HOUSEHOLD_1_179,11519,13.87
TX_1,HOUSEHOLD_1_179,11520,13.44
TX_1,HOUSEHOLD_1_179,11521,13.44
TX_1,HOUSEHOLD_1_179,11522,13.64
TX_1,HOUSEHOLD_1_179,11523,13.55
TX_1,HOUSEHOLD_1_179,11524,13.34
TX_1,HOUSEHOLD_1_179,11525,13.82
TX_1,HOUSEHOLD_1_179,11526,13.89
TX_1,HOUSEHOLD_1_179,11527,13.63
TX_1,HOUSEHOLD_1_179,11528,13.99
TX_1,HOUSEHOLD_1_179,11529,14.02
TX_1,HOUSEHOLD_1_179,11530,13.32
TX_1,HOUSEHOLD_1_179,11531,13.53
TX_1,HOUSEHOLD_1_179,11532,13.65
TX_1,HOUSEHOLD_1_179,11533,12.98
TX_1,HOUSEHOLD_1_179,11534,13.55
TX_1,HOUSEHOLD_1_179,11535,13.47
TX_1,HOUSEHOLD_1_179,11536,13.27
TX_1,HOUSEHOLD_1_179,11537,13.6
TX_1,HOUSEHOLD_1_179,11538,13.2
TX_1,HOUSEHOLD_1_179,11539,12.99
TX_1,HOUSEHOLD_1_179,11540,12.71
TX_1,HOUSEHOLD_1_179,11541,12.94
TX_1,HOUSEHOLD_1_179,11542,13.11
TX_1,HOUSEHOLD_1_179,11543,13.53
TX_1,HOUSEHOLD_1_179,11544,13.63
TX_1,HOUSEHOLD_1_179,11545,13.31
TX_1,HOUSEHOLD_1_179,11546,13.72
TX_1,HOUSEHOLD_1_179,11547,13.62
TX_1,HOUSEHOLD_1_179,11548,13.21
TX_1,HOUSEHOLD_1_179,11549,13.19
TX_1,HOUSEHOLD_1_179,11550,13.93
TX_1,HOUSEHOLD_1_179,11551,13.34
TX_1,HOUSEHOLD_1_179,11552,14.1
TX_1,HOUSEHOLD_1_179,11553,13.08
TX_1,HOUSEHOLD_1_179,11554,13.43
TX_1,HOUSEHOLD_1_179,11555,13.0
TX_1,HOUSEHOLD_1_179,11556,12.84
TX_1,HOUSEHOLD_1_179,11557,13.28
TX_1,HOUSEHOLD_1_179,11558,13.75
TX_1,HOUSEHOLD_1_179,11559,13.29
TX_1,HOUSEHOLD_1_179,11560,13.71
TX_1,HOUSEHOLD_1_179,11561,13.21
TX_1,HOUSEHOLD_1_179,11562,13.97
TX_1,HOUSEHOLD_1_179,11563,13.23
TX_1,HOUSEHOLD_1_179,11564,14.01
TX_1,HOUSEHOLD_1_179,11565,13.53
TX_1,HOUSEHOLD_1_179,11566,13.16
TX_1,HOUSEHOLD_1_179,11567,13.22
TX_1,HOUSEHOLD_1_179,11568,13.64
TX_1,HOUSEHOLD_1_179,11569,13.12
TX_1,HOUSEHOLD_1_179,11570,13.6
TX_1,HOUSEHOLD_1_179,11571,13.26
TX_1,HOUSEHOLD_1_179,11572,13.14
TX_1,HOUSEHOLD_1_179,11573,13.22
TX_1,HOUSEHOLD_1_179,11574,12.98
TX_1,HOUSEHOLD_1_179,11575,13.55
TX_1,HOUSEHOLD_1_179,11576,13.57
TX_1,HOUSEHOLD_1_179,11577,13.24
TX_1,HOUSEHOLD_1_179,11578,13.23
TX_1,HOUSEHOLD_1_179,11579,12.99
TX_1,HOUSEHOLD_1_179,11580,13.28
TX_1,HOUSEHOLD_1_179,11581,13.65
TX_1,HOUSEHOLD_1_179,11582,13.26
TX_1,HOUSEHOLD_1_179,11583,13.58
TX_1,HOUSEHOLD_1_179,11584,13.69
TX_1,HOUSEHOLD_1_179,11585,13.09
TX_1,HOUSEHOLD_1_179,11586,14.24
TX_1,HOUSEHOLD_1_179,11587,13.81
TX_1,HOUSEHOLD_1_179,11588,13.38
TX_1,HOUSEHOLD_1_179,11589,12.9
TX_1,HOUSEHOLD_1_179,11590,13.15
TX_1,HOUSEHOLD_1_179,11591,14.16
TX_1,HOUSEHOLD_1_179,11592,13.65
TX_1,HOUSEHOLD_1_179,11593,13.31
TX_1,HOUSEHOLD_1_179,11594,13.35
TX_1,HOUSEHOLD_1_179,11595,13.97
TX_1,HOUSEHOLD_1_179,11596,13.64
TX_1,HOUSEHOLD_1_179,11597,13.37
TX_1,HOUSEHOLD_1_179,11598,12.94
TX_1,HOUSEHOLD_1_179,11599,13.43
TX_1,HOUSEHOLD_1_179,11600,13.7
TX_1,HOUSEHOLD_1_179,11601,13.67
TX_1,HOUSEHOLD_1_179,11602,13.16
TX_1,HOUSEHOLD_1_179,11603,13.5
TX_1,HOUSEHOLD_1_179,11604,13.69
TX_1,HOUSEHOLD_1_179,11605,13.99
CA_1,HOUSEHOLD_1_272,11501,12.35
CA_1,HOUSEHOLD_1_272,11502,11.97
CA_1,HOUSEHOLD_1_272,11503,11.65
CA_1,HOUSEHOLD_1_272,11504,11.52
CA_1,HOUSEHOLD_1_272,11505,11.17
CA_1,HOUSEHOLD_1_272,11506,11.52
CA_1,HOUSEHOLD_1_272,11507,12.26
CA_1,HOUSEHOLD_1_272,11508,11.69
CA_1,HOUSEHOLD_1_272,11509,11.34
CA_1,HOUSEHOLD_1_272,11510,11.57
CA_1,HOUSEHOLD_1_272,11511,11.83
CA_1,HOUSEHOLD_1_272,11512,11.72
CA_1,HOUSEHOLD_1_272,11513,11.93
CA_1,HOUSEHOLD_1_272,11514,11.72
CA_1,HOUSEHOLD_1_272,11515,11.64
CA_1,HOUSEHOLD_1_272,11516,11.8
CA_1,HOUSEHOLD_1_272,11517,11.48
CA_1,HOUSEHOLD_1_272,11518,11.87
CA_1,HOUSEHOLD_1_272,11519,11.52
CA_1,HOUSEHOLD_1_272,11520,11.76
CA_1,HOUSEHOLD_1_272,11521,11.91
CA_1,HOUSEHOLD_1_272,11522,11.71
CA_1,HOUSEHOLD_1_272,11523,11.81
CA_1,HOUSEHOLD_1_272,11524,12.02
CA_1,HOUSEHOLD_1_272,11525,11.6
CA_1,HOUSEHOLD_1_272,11526,12.31
CA_1,HOUSEHOLD_1_272,11527,11.44
CA_1,HOUSEHOLD_1_272,11528,12.18
CA_1,HOUSEHOLD_1_272,11529,11.94
CA_1,HOUSEHOLD_1_272,11530,11.95
CA_1,HOUSEHOLD_1_272,11531,12.11
CA_1,HOUSEHOLD_1_272,11532,11.82
CA_1,HOUSEHOLD_1_272,11533,11.88
CA_1,HOUSEHOLD_1_272,11534,11.84
CA_1,HOUSEHOLD_1_272,11535,12.07
CA_1,HOUSEHOLD_1_272,11536,12.13
CA_1,HOUSEHOLD_1_272,11537,11.82
CA_1,HOUSEHOLD_1_272,11538,11.72
CA_1,HOUSEHOLD_1_272,11539,11.51
CA_1,HOUSEHOLD_1_272,11540,11.88
CA_1,HOUSEHOLD_1_272,11541,11.68
CA_1,HOUSEHOLD_1_272,11542,11.3
CA_1,HOUSEHOLD_1_272,11543,11.78
CA_1,HOUSEHOLD_1_272,11544,11.84
CA_1,HOUSEHOLD_1_272,11545,12.06
CA_1,HOUSEHOLD_1_272,11546,11.81
CA_1,HOUSEHOLD_1_272,11547,11.52
CA_1,HOUSEHOLD_1_272,11548,12.12
CA_1,HOUSEHOLD_1_272,11549,11.21
CA_1,HOUSEHOLD_1_272,11550,11.37
CA_1,HOUSEHOLD_1_272,11551,11.74
CA_1,HOUSEHOLD_1_272,11552,11.72
CA_1,HOUSEHOLD_1_272,11553,11.74
CA_1,HOUSEHOLD_1_272,11554,11.57
CA_1,HOUSEHOLD_1_272,11555,12.09
CA_1,HOUSEHOLD_1_272,11556,11.75
CA_1,HOUSEHOLD_1_272,11557,11.4
CA_1,HOUSEHOLD_1_272,11558,11.92
CA_1,HOUSEHOLD_1_272,11559,11.58
CA_1,HOUSEHOLD_1_272,11560,11.52
CA_1,HOUSEHOLD_1_272,11561,11.78
CA_1,HOUSEHOLD_1_272,11562,12.28
CA_1,HOUSEHOLD_1_272,11563,11.16
CA_1,HOUSEHOLD_1_272,11564,11.32
CA_1,HOUSEHOLD_1_272,11565,11.53
CA_1,HOUSEHOLD_1_272,11566,12.29
CA_1,HOUSEHOLD_1_272,11567,11.47
CA_1,HOUSEHOLD_1_272,11568,12.1
CA_1,HOUSEHOLD_1_272,11569,12.05
CA_1,HOUSEHOLD_1_272,11570,12.13
CA_1,HOUSEHOLD_1_272,11571,11.53
CA_1,HOUSEHOLD_1_272,11572,11.82
CA_1,HOUSEHOLD_1_272,11573,12.0
CA_1,HOUSEHOLD_1_272,11574,11.91
CA_1,HOUSEHOLD_1_272,11575,12.63
CA_1,HOUSEHOLD_1_272,11576,12.36
CA_1,HOUSEHOLD_1_272,11577,12.14
CA_1,HOUSEHOLD_1_272,11578,12.01
CA_1,HOUSEHOLD_1_272,11579,12.03
CA_1,HOUSEHOLD_1_272,11580,12.13
CA_1,HOUSEHOLD_1_272,11581,12.33
CA_1,HOUSEHOLD_1_272,11582,11.58
CA_1,HOUSEHOLD_1_272,11583,12.16
CA_1,HOUSEHOLD_1_272,11584,11.89
CA_1,HOUSEHOLD_1_272,11585,12.13
CA_1,HOUSEHOLD_1_272,11586,11.84
CA_1,HOUSEHOLD_1_272,11587,11.68
CA_1,HOUSEHOLD_1_272,11588,11.69
CA_1,HOUSEHOLD_1_272,11589,11.85
CA_1,HOUSEHOLD_1_272,11590,11.98
CA_1,HOUSEHOLD_1_272,11591,11.7
CA_1,HOUSEHOLD_1_272,11592,11.39
CA_1,HOUSEHOLD_1_272,11593,12.02
CA_1,HOUSEHOLD_1_272,11594,11.79
CA_1,HOUSEHOLD_1_272,11595,11.21
CA_1,HOUSEHOLD_1_272,11596,11.35
CA_1,HOUSEHOLD_1_272,11597,11.91
CA_1,HOUSEHOLD_1_272,11598,12.02
CA_1,HOUSEHOLD_1_272,11599,12.15
CA_1,HOUSEHOLD_1_272,11600,11.67
CA_1,HOUSEHOLD_1_272,11601,11.63
CA_1,HOUSEHOLD_1_272,11602,11.99
CA_1,HOUSEHOLD_1_272,11603,11.57
CA_1,HOUSEHOLD_1_272,11604,11.58
CA_1,HOUSEHOLD_1_272,11605,11.88
TX_1,HOUSEHOLD_1_272,11501,24.36
TX_1,HOUSEHOLD_1_272,11502,24.1
TX_1,HOUSEHOLD_1_272,11503,23.43
TX_1,HOUSEHOLD_1_272,11504,23.82
TX_1,HOUSEHOLD_1_272,11505,24.08
TX_1,HOUSEHOLD_1_272,11506,24.8
TX_1,HOUSEHOLD_1_272,11507,24.45
TX_1,HOUSEHOLD_1_272,11508,24.14
TX_1,HOUSEHOLD_1_272,11509,24.42
TX_1,HOUSEHOLD_1_272,11510,24.81
TX_1,HOUSEHOLD_1_272,11511,23.26
TX_1,HOUSEHOLD_1_272,11512,24.06
TX_1,HOUSEHOLD_1_272,11513,23.06
TX_1,HOUSEHOLD_1_272,11514,24.05
TX_1,HOUSEHOLD_1_272,11515,23.75
TX_1,HOUSEHOLD_1_272,11516,24.85
TX_1,HOUSEHOLD_1_272,11517,24.74
TX_1,HOUSEHOLD_1_272,11518,25.27
TX_1,HOUSEHOLD_1_272,11519,23.88
TX_1,HOUSEHOLD_1_272,11520,24.2
TX_1,HOUSEHOLD_1_272,11521,24.02
TX_1,HOUSEHOLD_1_272,11522,24.84
TX_1,HOUSEHOLD_1_272,11523,24.03
TX_1,HOUSEHOLD_1_272,11524,23.47
TX_1,HOUSEHOLD_1_272,11525,23.03
TX_1,HOUSEHOLD_1_272,11526,24.81
TX_1,HOUSEHOLD_1_272,11527,24.25
TX_1,HOUSEHOLD_1_272,11528,24.17
TX_1,HOUSEHOLD_1_272,11529,24.98
TX_1,HOUSEHOLD_1_272,11530,24.14
TX_1,HOUSEHOLD_1_272,11531,23.16
TX_1,HOUSEHOLD_1_272,11532,23.3
TX_1,HOUSEHOLD_1_272,11533,24.41
TX_1,HOUSEHOLD_1_272,11534,24.48
TX_1,HOUSEHOLD_1_272,11535,25.39
TX_1,HOUSEHOLD_1_272,11536,24.1
TX_1,HOUSEHOLD_1_272,11537,25.2
TX_1,HOUSEHOLD_1_272,11538,23.4
TX_1,HOUSEHOLD_1_272,11539,23.63
TX_1,HOUSEHOLD_1_272,11540,23.42
TX_1,HOUSEHOLD_1_272,11541,24.21
TX_1,HOUSEHOLD_1_272,11542,24.81
TX_1,HOUSEHOLD_1_272,11543,23.98
TX_1,HOUSEHOLD_1_272,11544,23.52
TX_1,HOUSEHOLD_1_272,11545,24.47
TX_1,HOUSEHOLD_1_272,11546,24.01
TX_1,HOUSEHOLD_1_272,11547,24.48
TX_1,HOUSEHOLD_1_272,11548,24.03
TX_1,HOUSEHOLD_1_272,11549,24.03
TX_1,HOUSEHOLD_1_272,11550,25.31
TX_1,HOUSEHOLD_1_272,11551,23.46
TX_1,HOUSEHOLD_1_272,11552,24.34
TX_1,HOUSEHOLD_1_272,11553,24.52
TX_1,HOUSEHOLD_1_272,11554,24.72
TX_1,HOUSEHOLD_1_272,11555,23.43
TX_1,HOUSEHOLD_1_272,11556,24.32
TX_1,HOUSEHOLD_1_272,11557,23.8
TX_1,HOUSEHOLD_1_272,11558,24.04
TX_1,HOUSEHOLD_1_272,11559,23.82
TX_1,HOUSEHOLD_1_272,11560,23.77
TX_1,HOUSEHOLD_1_272,11561,25.01
TX_1,HOUSEHOLD_1_272,11562,24.69
TX_1,HOUSEHOLD_1_272,11563,23.24
TX_1,HOUSEHOLD_1_272,11564,23.91
TX_1,HOUSEHOLD_1_272,11565,24.0
TX_1,HOUSEHOLD_1_272,11566,24.89
TX_1,HOUSEHOLD_1_272,11567,23.38
TX_1,HOUSEHOLD_1_272,11568,23.66
TX_1,HOUSEHOLD_1_272,11569,23.62
TX_1,HOUSEHOLD_1_272,11570,22.89
TX_1,HOUSEHOLD_1_272,11571,22.89
TX_1,HOUSEHOLD_1_272,11572,24.21
TX_1,HOUSEHOLD_1_272,11573,23.61
TX_1,HOUSEHOLD_1_272,11574,24.19
TX_1,HOUSEHOLD_1_272,11575,23.09
TX_1,HOUSEHOLD_1_272,11576,23.37
TX_1,HOUSEHOLD_1_272,11577,23.79
TX_1,HOUSEHOLD_1_272,11578,23.16
TX_1,HOUSEHOLD_1_272,11579,23.87
TX_1,HOUSEHOLD_1_272,11580,23.86
TX_1,HOUSEHOLD_1_272,11581,23.81
TX_1,HOUSEHOLD_1_272,11582,23.22
TX_1,HOUSEHOLD_1_272,11583,24.75
TX_1,HOUSEHOLD_1_272,11584,23.32
TX_1,HOUSEHOLD_1_272,11585,23.94
TX_1,HOUSEHOLD_1_272,11586,23.94
TX_1,HOUSEHOLD_1_272,11587,24.06
TX_1,HOUSEHOLD_1_272,11588,23.21
TX_1,HOUSEHOLD_1_272,11589,24.21
TX_1,HOUSEHOLD_1_272,11590,23.62
TX_1,HOUSEHOLD_1_272,11591,24.36
TX_1,HOUSEHOLD_1_272,11592,24.59
TX_1,HOUSEHOLD_1_272,11593,24.07
TX_1,HOUSEHOLD_1_272,11594,23.7
TX_1,HOUSEHOLD_1_272,11595,25.01
TX_1,HOUSEHOLD_1_272,11596,24.29
TX_1,HOUSEHOLD_1_272,11597,23.58
TX_1,HOUSEHOLD_1_272,11598,23.36
TX_1,HOUSEHOLD_1_272,11599,24.27
TX_1,HOUSEHOLD_1_272,11600,23.85
TX_1,HOUSEHOLD_1_272,11601,23.38
TX_1,HOUSEHOLD_1_272,11602,24.1
TX_1,HOUSEHOLD_1_272,11603,23.29
TX_1,HOUSEHOLD_1_272,11604,24.1
TX_1,HOUSEHOLD_1_272,11605,24.21
CA_1,HOUSEHOLD_1_474,11501,4.79
CA_1,HOUSEHOLD_1_474,11502,4.65
CA_1,HOUSEHOLD_1_474,11503,4.74
CA_1,HOUSEHOLD_1_474,11504,4.56
CA_1,HOUSEHOLD_1_474,11505,4.75
CA_1,HOUSEHOLD_1_474,11506,4.87
CA_1,HOUSEHOLD_1_474,11507,4.57
CA_1,HOUSEHOLD_1_474,11508,4.83
CA_1,HOUSEHOLD_1_474,11509,4.68
CA_1,HOUSEHOLD_1_474,11510,4.85
CA_1,HOUSEHOLD_1_474,11511,4.95
CA_1,HOUSEHOLD_1_474,11512,4.76
CA_1,HOUSEHOLD_1_474,11513,4.81
CA_1,HOUSEHOLD_1_474,11514,4.79
CA_1,HOUSEHOLD_1_474,11515,4.86
CA_1,HOUSEHOLD_1_474,11516,4.72
CA_1,HOUSEHOLD_1_474,11517,4.82
CA_1,HOUSEHOLD_1_474,11518,4.66
CA_1,HOUSEHOLD_1_474,11519,4.88
CA_1,HOUSEHOLD_1_474,11520,4.62
CA_1,HOUSEHOLD_1_474,11521,4.69
CA_1,HOUSEHOLD_1_474,11522,4.67
CA_1,HOUSEHOLD_1_474,11523,4.79
CA_1,HOUSEHOLD_1_474,11524,4.84
CA_1,HOUSEHOLD_1_474,11525,4.81
CA_1,HOUSEHOLD_1_474,11526,4.68
CA_1,HOUSEHOLD_1_474,11527,4.92
CA_1,HOUSEHOLD_1_474,11528,4.88
CA_1,HOUSEHOLD_1_474,11529,4.78
CA_1,HOUSEHOLD_1_474,11530,4.67
CA_1,HOUSEHOLD_1_474,11531,4.59
CA_1,HOUSEHOLD_1_474,11532,4.83
CA_1,HOUSEHOLD_1_474,11533,4.71
CA_1,HOUSEHOLD_1_474,11534,4.86
CA_1,HOUSEHOLD_1_474,11535,4.87
CA_1,HOUSEHOLD_1_474,11536,4.69
CA_1,HOUSEHOLD_1_474,11537,4.75
CA_1,HOUSEHOLD_1_474,11538,4.74
CA_1,HOUSEHOLD_1_474,11539,4.92
CA_1,HOUSEHOLD_1_474,11540,4.7
CA_1,HOUSEHOLD_1_474,11541,4.82
CA_1,HOUSEHOLD_1_474,11542,4.75
CA_1,HOUSEHOLD_1_474,11543,4.93
CA_1,HOUSEHOLD_1_474,11544,4.67
CA_1,HOUSEHOLD_1_474,11545,4.62
CA_1,HOUSEHOLD_1_474,11546,4.52
CA_1,HOUSEHOLD_1_474,11547,4.77
CA_1,HOUSEHOLD_1_474,11548,4.77
CA_1,HOUSEHOLD_1_474,11549,4.72
CA_1,HOUSEHOLD_1_474,11550,4.85
CA_1,HOUSEHOLD_1_474,11551,4.93
CA_1,HOUSEHOLD_1_474,11552,4.65
CA_1,HOUSEHOLD_1_474,11553,4.72
CA_1,HOUSEHOLD_1_474,11554,4.55
CA_1,HOUSEHOLD_1_474,11555,4.75
CA_1,HOUSEHOLD_1_474,11556,4.67
CA_1,HOUSEHOLD_1_474,11557,4.7
CA_1,HOUSEHOLD_1_474,11558,4.73
CA_1,HOUSEHOLD_1_474,11559,4.8
CA_1,HOUSEHOLD_1_474,11560,4.71
CA_1,HOUSEHOLD_1_474,11561,4.98
CA_1,HOUSEHOLD_1_474,11562,4.73
CA_1,HOUSEHOLD_1_474,11563,4.58
CA_1,HOUSEHOLD_1_474,11564,4.65
CA_1,HOUSEHOLD_1_474,11565,4.81
CA_1,HOUSEHOLD_1_474,11566,4.82
CA_1,HOUSEHOLD_1_474,11567,4.74
CA_1,HOUSEHOLD_1_474,11568,4.74
CA_1,HOUSEHOLD_1_474,11569,4.76
CA_1,HOUSEHOLD_1_474,11570,4.82
CA_1,HOUSEHOLD_1_474,11571,4.74
CA_1,HOUSEHOLD_1_474,11572,4.59
CA_1,HOUSEHOLD_1_474,11573,4.66
CA_1,HOUSEHOLD_1_474,11574,4.67
CA_1,HOUSEHOLD_1_474,11575,4.6
CA_1,HOUSEHOLD_1_474,11576,4.59
CA_1,HOUSEHOLD_1_474,11577,4.78
CA_1,HOUSEHOLD_1_474,11578,4.73
CA_1,HOUSEHOLD_1_474,11579,4.82
CA_1,HOUSEHOLD_1_474,11580,4.94
CA_1,HOUSEHOLD_1_474,11581,4.83
CA_1,HOUSEHOLD_1_474,11582,4.82
CA_1,HOUSEHOLD_1_474,11583,4.56
CA_1,HOUSEHOLD_1_474,11584,4.81
CA_1,HOUSEHOLD_1_474,11585,4.73
CA_1,HOUSEHOLD_1_474,11586,4.88
CA_1,HOUSEHOLD_1_474,11587,4.59
CA_1,HOUSEHOLD_1_474,11588,4.84
CA_1,HOUSEHOLD_1_474,11589,4.67
CA_1,HOUSEHOLD_1_474,11590,4.62
CA_1,HOUSEHOLD_1_474,11591,4.98
CA_1,HOUSEHOLD_1_474,11592,4.75
CA_1,HOUSEHOLD_1_474,11593,4.73
CA_1,HOUSEHOLD_1_474,11594,4.67
CA_1,HOUSEHOLD_1_474,11595,4.7
CA_1,HOUSEHOLD_1_474,11596,4.69
CA_1,HOUSEHOLD_1_474,11597,4.71
CA_1,HOUSEHOLD_1_474,11598,4.72
CA_1,HOUSEHOLD_1_474,11599,4.71
CA_1,HOUSEHOLD_1_474,11600,4.61
CA_1,HOUSEHOLD_1_474,11601,4.74
CA_1,HOUSEHOLD_1_474,11602,4.77
CA_1,HOUSEHOLD_1_474,11603,4.83
CA_1,HOUSEHOLD_1_474,11604,4.87
CA_1,HOUSEHOLD_1_474,11605,4.7
TX_1,HOUSEHOLD_1_474,11501,32.14
TX_1,HOUSEHOLD_1_474,11502,31.11
TX_1,HOUSEHOLD_1_474,11503,31.72
TX_1,HOUSEHOLD_1_474,11504,31.82
TX_1,HOUSEHOLD_1_474,11505,30.13
TX_1,HOUSEHOLD_1_474,11506,31.55
TX_1,HOUSEHOLD_1_474,11507,31.66
TX_1,HOUSEHOLD_1_474,11508,31.01
TX_1,HOUSEHOLD_1_474,11509,32.29
TX_1,HOUSEHOLD_1_474,11510,32.93
TX_1,HOUSEHOLD_1_474,11511,31.84
TX_1,HOUSEHOLD_1_474,11512,30.64
TX_1,HOUSEHOLD_1_474,11513,31.4
TX_1,HOUSEHOLD_1_474,11514,30.86
TX_1,HOUSEHOLD_1_474,11515,33.17
TX_1,HOUSEHOLD_1_474,11516,31.15
TX_1,HOUSEHOLD_1_474,11517,31.71
TX_1,HOUSEHOLD_1_474,11518,32.44
TX_1,HOUSEHOLD_1_474,11519,30.91
TX_1,HOUSEHOLD_1_474,11520,31.0
TX_1,HOUSEHOLD_1_474,11521,32.54
TX_1,HOUSEHOLD_1_474,11522,32.52
TX_1,HOUSEHOLD_1_474,11523,30.82
TX_1,HOUSEHOLD_1_474,11524,30.78
TX_1,HOUSEHOLD_1_474,11525,32.03
TX_1,HOUSEHOLD_1_474,11526,32.03
TX_1,HOUSEHOLD_1_474,11527,31.13
TX_1,HOUSEHOLD_1_474,11528,31.8
TX_1,HOUSEHOLD_1_474,11529,30.71
TX_1,HOUSEHOLD_1_474,11530,31.99
TX_1,HOUSEHOLD_1_474,11531,31.78
TX_1,HOUSEHOLD_1_474,11532,30.28
TX_1,HOUSEHOLD_1_474,11533,31.29
TX_1,HOUSEHOLD_1_474,11534,31.33
TX_1,HOUSEHOLD_1_474,11535,32.08
TX_1,HOUSEHOLD_1_474,11536,30.77
TX_1,HOUSEHOLD_1_474,11537,32.46
TX_1,HOUSEHOLD_1_474,11538,31.63
TX_1,HOUSEHOLD_1_474,11539,32.41
TX_1,HOUSEHOLD_1_474,11540,30.5
TX_1,HOUSEHOLD_1_474,11541,31.8
TX_1,HOUSEHOLD_1_474,11542,31.72
TX_1,HOUSEHOLD_1_474,11543,31.75
TX_1,HOUSEHOLD_1_474,11544,31.86
TX_1,HOUSEHOLD_1_474,11545,31.8
TX_1,HOUSEHOLD_1_474,11546,29.83
TX_1,HOUSEHOLD_1_474,11547,32.9
TX_1,HOUSEHOLD_1_474,11548,31.09
TX_1,HOUSEHOLD_1_474,11549,31.14
TX_1,HOUSEHOLD_1_474,11550,31.65
TX_1,HOUSEHOLD_1_474,11551,31.98
TX_1,HOUSEHOLD_1_474,11552,30.56
TX_1,HOUSEHOLD_1_474,11553,30.42
TX_1,HOUSEHOLD_1_474,11554,32.77
TX_1,HOUSEHOLD_1_474,11555,31.33
TX_1,HOUSEHOLD_1_474,11556,31.84
TX_1,HOUSEHOLD_1_474,11557,30.8
TX_1,HOUSEHOLD_1_474,11558,32.88
TX_1,HOUSEHOLD_1_474,11559,32.27
TX_1,HOUSEHOLD_1_474,11560,31.17
TX_1,HOUSEHOLD_1_474,11561,32.82
TX_1,HOUSEHOLD_1_474,11562,32.13
TX_1,HOUSEHOLD_1_474,11563,32.25
TX_1,HOUSEHOLD_1_474,11564,32.31
TX_1,HOUSEHOLD_1_474,11565,31.31
TX_1,HOUSEHOLD_1_474,11566,33.03
TX_1,HOUSEHOLD_1_474,11567,32.99
TX_1,HOUSEHOLD_1_474,11568,33.02
TX_1,HOUSEHOLD_1_474,11569,29.78
TX_1,HOUSEHOLD_1_474,11570,31.64
TX_1,HOUSEHOLD_1_474,11571,31.9
TX_1,HOUSEHOLD_1_474,11572,31.36
TX_1,HOUSEHOLD_1_474,11573,31.62
TX_1,HOUSEHOLD_1_474,11574,31.59
TX_1,HOUSEHOLD_1_474,11575,32.67
TX_1,HOUSEHOLD_1_474,11576,32.57
TX_1,HOUSEHOLD_1_474,11577,31.89
TX_1,HOUSEHOLD_1_474,11578,31.96
TX_1,HOUSEHOLD_1_474,11579,31.63
TX_1,HOUSEHOLD_1_474,11580,33.2
TX_1,HOUSEHOLD_1_474,11581,31.91
TX_1,HOUSEHOLD_1_474,11582,32.99
TX_1,HOUSEHOLD_1_474,11583,32.38
TX_1,HOUSEHOLD_1_474,11584,32.08
TX_1,HOUSEHOLD_1_474,11585,30.41
TX_1,HOUSEHOLD_1_474,11586,32.59
TX_1,HOUSEHOLD_1_474,11587,30.25
TX_1,HOUSEHOLD_1_474,11588,31.46
TX_1,HOUSEHOLD_1_474,11589,30.53
TX_1,HOUSEHOLD_1_474,11590,32.39
TX_1,HOUSEHOLD_1_474,11591,31.29
TX_1,HOUSEHOLD_1_474,11592,32.13
TX_1,HOUSEHOLD_1_474,11593,29.96
TX_1,HOUSEHOLD_1_474,11594,32.32
TX_1,HOUSEHOLD_1_474,11595,32.28
TX_1,HOUSEHOLD_1_474,11596,30.8
TX_1,HOUSEHOLD_1_474,11597,31.18
TX_1,HOUSEHOLD_1_474,11598,32.67
TX_1,HOUSEHOLD_1_474,11599,31.83
TX_1,HOUSEHOLD_1_474,11600,32.29
TX_1,HOUSEHOLD_1_474,11601,30.22
TX_1,HOUSEHOLD_1_474,11602,31.48
TX_1,HOUSEHOLD_1_474,11603,32.43
TX_1,HOUSEHOLD_1_474,11604,31.04
TX_1,HOUSEHOLD_1_474,11605,31.1
CA_1,HOUSEHOLD_1_521,11501,14.41
CA_1,HOUSEHOLD_1_521,11502,15.22
CA_1,HOUSEHOLD_1_521,11503,14.96
CA_1,HOUSEHOLD_1_521,11504,14.69
CA_1,HOUSEHOLD_1_521,11505,15.47
CA_1,HOUSEHOLD_1_521,11506,14.65
CA_1,HOUSEHOLD_1_521,11507,14.88
CA_1,HOUSEHOLD_1_521,11508,14.36
CA_1,HOUSEHOLD_1_521,11509,14.68
CA_1,HOUSEHOLD_1_521,11510,14.95
CA_1,HOUSEHOLD_1_521,11511,14.94
CA_1,HOUSEHOLD_1_521,11512,14.36
CA_1,HOUSEHOLD_1_521,11513,14.22
CA_1,HOUSEHOLD_1_521,11514,14.72
CA_1,HOUSEHOLD_1_521,11515,14.84
CA_1,HOUSEHOLD_1_521,11516,13.97
CA_1,HOUSEHOLD_1_521,11517,15.49
CA_1,HOUSEHOLD_1_521,11518,14.81
CA_1,HOUSEHOLD_1_521,11519,13.95
CA_1,HOUSEHOLD_1_521,11520,14.85
CA_1,HOUSEHOLD_1_521,11521,14.1
CA_1,HOUSEHOLD_1_521,11522,14.32
CA_1,HOUSEHOLD_1_521,11523,14.86
CA_1,HOUSEHOLD_1_521,11524,14.23
CA_1,HOUSEHOLD_1_521,11525,14.34
CA_1,HOUSEHOLD_1_521,11526,15.01
CA_1,HOUSEHOLD_1_521,11527,14.65
CA_1,HOUSEHOLD_1_521,11528,14.53
CA_1,HOUSEHOLD_1_521,11529,14.63
CA_1,HOUSEHOLD_1_521,11530,15.32
CA_1,HOUSEHOLD_1_521,11531,15.0
CA_1,HOUSEHOLD_1_521,11532,14.18
CA_1,HOUSEHOLD_1_521,11533,15.24
CA_1,HOUSEHOLD_1_521,11534,14.54
CA_1,HOUSEHOLD_1_521,11535,14.66
CA_1,HOUSEHOLD_1_521,11536,14.33
CA_1,HOUSEHOLD_1_521,11537,14.52
CA_1,HOUSEHOLD_1_521,11538,14.76
CA_1,HOUSEHOLD_1_521,11539,14.72
CA_1,HOUSEHOLD_1_521,11540,15.33
CA_1,HOUSEHOLD_1_521,11541,14.27
CA_1,HOUSEHOLD_1_521,11542,14.64
CA_1,HOUSEHOLD_1_521,11543,13.92
CA_1,HOUSEHOLD_1_521,11544,14.48
CA_1,HOUSEHOLD_1_521,11545,15.07
CA_1,HOUSEHOLD_1_521,11546,15.24
CA_1,HOUSEHOLD_1_521,11547,15.27
CA_1,HOUSEHOLD_1_521,11548,14.55
CA_1,HOUSEHOLD_1_521,11549,14.57
CA_1,HOUSEHOLD_1_521,11550,14.33
CA_1,HOUSEHOLD_1_521,11551,14.62
CA_1,HOUSEHOLD_1_521,11552,15.12
CA_1,HOUSEHOLD_1_521,11553,14.99
CA_1,HOUSEHOLD_1_521,11554,14.5
CA_1,HOUSEHOLD_1_521,11555,14.57
CA_1,HOUSEHOLD_1_521,11556,14.58
CA_1,HOUSEHOLD_1_521,11557,14.49
CA_1,HOUSEHOLD_1_521,11558,14.77
CA_1,HOUSEHOLD_1_521,11559,14.96
CA_1,HOUSEHOLD_1_521,11560,15.53
CA_1,HOUSEHOLD_1_521,11561,14.69
CA_1,HOUSEHOLD_1_521,11562,14.94
CA_1,HOUSEHOLD_1_521,11563,14.32
CA_1,HOUSEHOLD_1_521,11564,14.73
CA_1,HOUSEHOLD_1_521,11565,14.63
CA_1,HOUSEHOLD_1_521,11566,14.93
CA_1,HOUSEHOLD_1_521,11567,14.87
CA_1,HOUSEHOLD_1_521,11568,14.94
CA_1,HOUSEHOLD_1_521,11569,14.64
CA_1,HOUSEHOLD_1_521,11570,14.56
CA_1,HOUSEHOLD_1_521,11571,14.25
CA_1,HOUSEHOLD_1_521,11572,14.76
CA_1,HOUSEHOLD_1_521,11573,14.65
CA_1,HOUSEHOLD_1_521,11574,15.19
CA_1,HOUSEHOLD_1_521,11575,14.63
CA_1,HOUSEHOLD_1_521,11576,14.49
CA_1,HOUSEHOLD_1_521,11577,14.9
CA_1,HOUSEHOLD_1_521,11578,14.18
CA_1,HOUSEHOLD_1_521,11579,14.79
CA_1,HOUSEHOLD_1_521,11580,14.46
CA_1,HOUSEHOLD_1_521,11581,14.24
CA_1,HOUSEHOLD_1_521,11582,14.74
CA_1,HOUSEHOLD_1_521,11583,13.81
CA_1,HOUSEHOLD_1_521,11584,14.9
CA_1,HOUSEHOLD_1_521,11585,14.72
CA_1,HOUSEHOLD_1_521,11586,14.47
CA_1,HOUSEHOLD_1_521,11587,15.04
CA_1,HOUSEHOLD_1_521,11588,14.88
CA_1,HOUSEHOLD_1_521,11589,14.22
CA_1,HOUSEHOLD_1_521,11590,14.91
CA_1,HOUSEHOLD_1_521,11591,14.88
CA_1,HOUSEHOLD_1_521,11592,14.53
CA_1,HOUSEHOLD_1_521,11593,14.61
CA_1,HOUSEHOLD_1_521,11594,15.29
CA_1,HOUSEHOLD_1_521,11595,14.84
CA_1,HOUSEHOLD_1_521,11596,14.24
CA_1,HOUSEHOLD_1_521,11597,14.74
CA_1,HOUSEHOLD_1_521,11598,14.13
CA_1,HOUSEHOLD_1_521,11599,14.88
CA_1,HOUSEHOLD_1_521,11600,14.48
CA_1,HOUSEHOLD_1_521,11601,14.52
CA_1,HOUSEHOLD_1_521,11602,14.35
CA_1,HOUSEHOLD_1_521,11603,14.57
CA_1,HOUSEHOLD_1_521,11604,14.78
CA_1,HOUSEHOLD_1_521,11605,14.45
TX_1,HOUSEHOLD_1_521,11501,29.5
TX_1,HOUSEHOLD_1_521,11502,29.21
TX_1,HOUSEHOLD_1_521,11503,29.26
TX_1,HOUSEHOLD_1_521,11504,28.93
TX_1,HOUSEHOLD_1_521,11505,28.74
TX_1,HOUSEHOLD_1_521,11506,29.34
TX_1,HOUSEHOLD_1_521,11507,29.97
TX_1,HOUSEHOLD_1_521,11508,29.38
TX_1,HOUSEHOLD_1_521,11509,29.21
TX_1,HOUSEHOLD_1_521,11510,28.39
TX_1,HOUSEHOLD_1_521,11511,29.09
TX_1,HOUSEHOLD_1_521,11512,29.04
TX_1,HOUSEHOLD_1_521,11513,29.5
TX_1,HOUSEHOLD_1_521,11514,29.47
TX_1,HOUSEHOLD_1_521,11515,31.15
TX_1,HOUSEHOLD_1_521,11516,29.17
TX_1,HOUSEHOLD_1_521,11517,30.03
TX_1,HOUSEHOLD_1_521,11518,30.05
TX_1,HOUSEHOLD_1_521,11519,29.9
TX_1,HOUSEHOLD_1_521,11520,29.44
TX_1,HOUSEHOLD_1_521,11521,31.3
TX_1,HOUSEHOLD_1_521,11522,28.81
TX_1,HOUSEHOLD_1_521,11523,29.79
TX_1,HOUSEHOLD_1_521,11524,29.97
TX_1,HOUSEHOLD_1_521,11525,28.23
TX_1,HOUSEHOLD_1_521,11526,28.4
TX_1,HOUSEHOLD_1_521,11527,30.35
TX_1,HOUSEHOLD_1_521,11528,29.66
TX_1,HOUSEHOLD_1_521,11529,28.59
TX_1,HOUSEHOLD_1_521,11530,30.33
TX_1,HOUSEHOLD_1_521,11531,29.31
TX_1,HOUSEHOLD_1_521,11532,30.13
TX_1,HOUSEHOLD_1_521,11533,30.68
TX_1,HOUSEHOLD_1_521,11534,29.29
TX_1,HOUSEHOLD_1_521,11535,28.01
TX_1,HOUSEHOLD_1_521,11536,28.87
TX_1,HOUSEHOLD_1_521,11537,27.96
TX_1,HOUSEHOLD_1_521,11538,28.77
TX_1,HOUSEHOLD_1_521,11539,30.45
TX_1,HOUSEHOLD_1_521,11540,28.9
TX_1,HOUSEHOLD_1_521,11541,28.62
TX_1,HOUSEHOLD_1_521,11542,30.57
TX_1,HOUSEHOLD_1_521,11543,29.29
TX_1,HOUSEHOLD_1_521,11544,29.6
TX_1,HOUSEHOLD_1_521,11545,28.63
TX_1,HOUSEHOLD_1_521,11546,30.34
TX_1,HOUSEHOLD_1_521,11547,29.46
TX_1,HOUSEHOLD_1_521,11548,30.01
TX_1,HOUSEHOLD_1_521,11549,28.36
TX_1,HOUSEHOLD_1_521,11550,30.38
TX_1,HOUSEHOLD_1_521,11551,29.67
TX_1,HOUSEHOLD_1_521,11552,28.89
TX_1,HOUSEHOLD_1_521,11553,29.12
TX_1,HOUSEHOLD_1_521,11554,29.04
TX_1,HOUSEHOLD_1_521,11555,29.62
TX_1,HOUSEHOLD_1_521,11556,29.52
TX_1,HOUSEHOLD_1_521,11557,30.6
TX_1,HOUSEHOLD_1_521,11558,27.93
TX_1,HOUSEHOLD_1_521,11559,29.87
TX_1,HOUSEHOLD_1_521,11560,28.24
TX_1,HOUSEHOLD_1_521,11561,31.28
TX_1,HOUSEHOLD_1_521,11562,30.53
TX_1,HOUSEHOLD_1_521,11563,29.4
TX_1,HOUSEHOLD_1_521,11564,29.74
TX_1,HOUSEHOLD_1_521,11565,29.48
TX_1,HOUSEHOLD_1_521,11566,28.97
TX_1,HOUSEHOLD_1_521,11567,28.89
TX_1,HOUSEHOLD_1_521,11568,29.4
TX_1,HOUSEHOLD_1_521,11569,27.47
TX_1,HOUSEHOLD_1_521,11570,30.4
TX_1,HOUSEHOLD_1_521,11571,30.69
TX_1,HOUSEHOLD_1_521,11572,29.24
TX_1,HOUSEHOLD_1_521,11573,30.49
TX_1,HOUSEHOLD_1_521,11574,29.05
TX_1,HOUSEHOLD_1_521,11575,29.01
TX_1,HOUSEHOLD_1_521,11576,29.58
TX_1,HOUSEHOLD_1_521,11577,29.81
TX_1,HOUSEHOLD_1_521,11578,28.81
TX_1,HOUSEHOLD_1_521,11579,29.68
TX_1,HOUSEHOLD_1_521,11580,29.64
TX_1,HOUSEHOLD_1_521,11581,27.77
TX_1,HOUSEHOLD_1_521,11582,29.23
TX_1,HOUSEHOLD_1_521,11583,29.26
TX_1,HOUSEHOLD_1_521,11584,28.98
TX_1,HOUSEHOLD_1_521,11585,28.98
TX_1,HOUSEHOLD_1_521,11586,29.79
TX_1,HOUSEHOLD_1_521,11587,28.26
TX_1,HOUSEHOLD_1_521,11588,30.23
TX_1,HOUSEHOLD_1_521,11589,29.34
TX_1,HOUSEHOLD_1_521,11590,30.34
TX_1,HOUSEHOLD_1_521,11591,28.97
TX_1,HOUSEHOLD_1_521,11592,30.15
TX_1,HOUSEHOLD_1_521,11593,29.84
TX_1,HOUSEHOLD_1_521,11594,28.12
TX_1,HOUSEHOLD_1_521,11595,29.3
TX_1,HOUSEHOLD_1_521,11596,31.3
TX_1,HOUSEHOLD_1_521,11597,30.06
TX_1,HOUSEHOLD_1_521,11598,28.62
TX_1,HOUSEHOLD_1_521,11599,29.09
TX_1,HOUSEHOLD_1_521,11600,30.05
TX_1,HOUSEHOLD_1_521,11601,29.69
TX_1,HOUSEHOLD_1_521,11602,28.32
TX_1,HOUSEHOLD_1_521,11603,28.14
TX_1,HOUSEHOLD_1_521,11604,29.96
TX_1,HOUSEHOLD_1_521,11605,29.23
CA_1,HOUSEHOLD_2_062,11501,29.18
CA_1,HOUSEHOLD_2_062,11502,28.34
CA_1,HOUSEHOLD_2_062,11503,28.9
CA_1,HOUSEHOLD_2_062,11504,28.62
CA_1,HOUSEHOLD_2_062,11505,29.14
CA_1,HOUSEHOLD_2_062,11506,28.28
CA_1,HOUSEHOLD_2_062,11507,27.83
CA_1,HOUSEHOLD_2_062,11508,28.81
CA_1,HOUSEHOLD_2_062,11509,28.31
CA_1,HOUSEHOLD_2_062,11510,29.61
CA_1,HOUSEHOLD_2_062,11511,28.76
CA_1,HOUSEHOLD_2_062,11512,29.12
CA_1,HOUSEHOLD_2_062,11513,28.66
CA_1,HOUSEHOLD_2_062,11514,29.05
CA_1,HOUSEHOLD_2_062,11515,29.37
CA_1,HOUSEHOLD_2_062,11516,29.1
CA_1,HOUSEHOLD_2_062,11517,27.75
CA_1,HOUSEHOLD_2_062,11518,28.61
CA_1,HOUSEHOLD_2_062,11519,30.41
CA_1,HOUSEHOLD_2_062,11520,29.2
CA_1,HOUSEHOLD_2_062,11521,28.61
CA_1,HOUSEHOLD_2_062,11522,28.56
CA_1,HOUSEHOLD_2_062,11523,29.94
CA_1,HOUSEHOLD_2_062,11524,29.31
CA_1,HOUSEHOLD_2_062,11525,28.02
CA_1,HOUSEHOLD_2_062,11526,30.37
CA_1,HOUSEHOLD_2_062,11527,29.13
CA_1,HOUSEHOLD_2_062,11528,29.12
CA_1,HOUSEHOLD_2_062,11529,30.0
CA_1,HOUSEHOLD_2_062,11530,29.05
CA_1,HOUSEHOLD_2_062,11531,29.24
CA_1,HOUSEHOLD_2_062,11532,27.83
CA_1,HOUSEHOLD_2_062,11533,28.86
CA_1,HOUSEHOLD_2_062,11534,28.02
CA_1,HOUSEHOLD_2_062,11535,28.55
CA_1,HOUSEHOLD_2_062,11536,29.11
CA_1,HOUSEHOLD_2_062,11537,27.31
CA_1,HOUSEHOLD_2_062,11538,29.16
CA_1,HOUSEHOLD_2_062,11539,29.54
CA_1,HOUSEHOLD_2_062,11540,27.6
CA_1,HOUSEHOLD_2_062,11541,28.44
CA_1,HOUSEHOLD_2_062,11542,27.83
CA_1,HOUSEHOLD_2_062,11543,29.3
CA_1,HOUSEHOLD_2_062,11544,28.57
CA_1,HOUSEHOLD_2_062,11545,29.74
CA_1,HOUSEHOLD_2_062,11546,27.98
CA_1,HOUSEHOLD_2_062,11547,29.07
CA_1,HOUSEHOLD_2_062,11548,28.32
CA_1,HOUSEHOLD_2_062,11549,28.94
CA_1,HOUSEHOLD_2_062,11550,28.69
CA_1,HOUSEHOLD_2_062,11551,29.44
CA_1,HOUSEHOLD_2_062,11552,29.14
CA_1,HOUSEHOLD_2_062,11553,29.76
CA_1,HOUSEHOLD_2_062,11554,28.86
CA_1,HOUSEHOLD_2_062,11555,28.27
CA_1,HOUSEHOLD_2_062,11556,29.37
CA_1,HOUSEHOLD_2_062,11557,28.88
CA_1,HOUSEHOLD_2_062,11558,28.74
CA_1,HOUSEHOLD_2_062,11559,29.18
CA_1,HOUSEHOLD_2_062,11560,28.38
CA_1,HOUSEHOLD_2_062,11561,30.22
CA_1,HOUSEHOLD_2_062,11562,29.69
CA_1,HOUSEHOLD_2_062,11563,29.19
CA_1,HOUSEHOLD_2_062,11564,29.11
CA_1,HOUSEHOLD_2_062,11565,28.96
CA_1,HOUSEHOLD_2_062,11566,28.55
CA_1,HOUSEHOLD_2_062,11567,29.3
CA_1,HOUSEHOLD_2_062,11568,28.62
CA_1,HOUSEHOLD_2_062,11569,30.12
CA_1,HOUSEHOLD_2_062,11570,29.97
CA_1,HOUSEHOLD_2_062,11571,29.09
CA_1,HOUSEHOLD_2_062,11572,29.6
CA_1,HOUSEHOLD_2_062,11573,27.84
CA_1,HOUSEHOLD_2_062,11574,29.05
CA_1,HOUSEHOLD_2_062,11575,27.66
CA_1,HOUSEHOLD_2_062,11576,29.0
CA_1,HOUSEHOLD_2_062,11577,28.35
CA_1,HOUSEHOLD_2_062,11578,29.58
CA_1,HOUSEHOLD_2_062,11579,28.99
CA_1,HOUSEHOLD_2_062,11580,28.66
CA_1,HOUSEHOLD_2_062,11581,28.67
CA_1,HOUSEHOLD_2_062,11582,27.34
CA_1,HOUSEHOLD_2_062,11583,29.57
CA_1,HOUSEHOLD_2_062,11584,29.93
CA_1,HOUSEHOLD_2_062,11585,29.49
CA_1,HOUSEHOLD_2_062,11586,28.57
CA_1,HOUSEHOLD_2_062,11587,28.3
CA_1,HOUSEHOLD_2_062,11588,27.72
CA_1,HOUSEHOLD_2_062,11589,28.65
CA_1,HOUSEHOLD_2_062,11590,27.26
CA_1,HOUSEHOLD_2_062,11591,27.38
CA_1,HOUSEHOLD_2_062,11592,29.63
CA_1,HOUSEHOLD_2_062,11593,30.09
CA_1,HOUSEHOLD_2_062,11594,28.48
CA_1,HOUSEHOLD_2_062,11595,29.27
CA_1,HOUSEHOLD_2_062,11596,28.57
CA_1,HOUSEHOLD_2_062,11597,29.78
CA_1,HOUSEHOLD_2_062,11598,29.09
CA_1,HOUSEHOLD_2_062,11599,29.38
CA_1,HOUSEHOLD_2_062,11600,27.62
CA_1,HOUSEHOLD_2_062,11601,28.86
CA_1,HOUSEHOLD_2_062,11602,28.55
CA_1,HOUSEHOLD_2_062,11603,29.92
CA_1,HOUSEHOLD_2_062,11604,28.53
CA_1,HOUSEHOLD_2_062,11605,28.75
TX_1,HOUSEHOLD_2_062,11501,17.33
TX_1,HOUSEHOLD_2_062,11502,17.31
TX_1,HOUSEHOLD_2_062,11503,17.14
TX_1,HOUSEHOLD_2_062,11504,17.81
TX_1,HOUSEHOLD_2_062,11505,17.27
TX_1,HOUSEHOLD_2_062,11506,16.99
TX_1,HOUSEHOLD_2_062,11507,16.92
TX_1,HOUSEHOLD_2_062,11508,17.59
TX_1,HOUSEHOLD_2_062,11509,16.56
TX_1,HOUSEHOLD_2_062,11510,16.98
TX_1,HOUSEHOLD_2_062,11511,17.21
TX_1,HOUSEHOLD_2_062,11512,17.08
TX_1,HOUSEHOLD_2_062,11513,17.23
TX_1,HOUSEHOLD_2_062,11514,17.75
TX_1,HOUSEHOLD_2_062,11515,17.15
TX_1,HOUSEHOLD_2_062,11516,16.83
TX_1,HOUSEHOLD_2_062,11517,17.93
TX_1,HOUSEHOLD_2_062,11518,17.14
TX_1,HOUSEHOLD_2_062,11519,17.44
TX_1,HOUSEHOLD_2_062,11520,17.9
TX_1,HOUSEHOLD_2_062,11521,16.95
TX_1,HOUSEHOLD_2_062,11522,18.03
TX_1,HOUSEHOLD_2_062,11523,18.03
TX_1,HOUSEHOLD_2_062,11524,16.95
TX_1,HOUSEHOLD_2_062,11525,17.01
TX_1,HOUSEHOLD_2_062,11526,17.58
TX_1,HOUSEHOLD_2_062,11527,17.89
TX_1,HOUSEHOLD_2_062,11528,17.62
TX_1,HOUSEHOLD_2_062,11529,17.24
TX_1,HOUSEHOLD_2_062,11530,17.49
TX_1,HOUSEHOLD_2_062,11531,17.57
TX_1,HOUSEHOLD_2_062,11532,17.4
TX_1,HOUSEHOLD_2_062,11533,17.07
TX_1,HOUSEHOLD_2_062,11534,17.61
TX_1,HOUSEHOLD_2_062,11535,17.15
TX_1,HOUSEHOLD_2_062,11536,16.45
TX_1,HOUSEHOLD_2_062,11537,16.67
TX_1,HOUSEHOLD_2_062,11538,17.82
TX_1,HOUSEHOLD_2_062,11539,16.8
TX_1,HOUSEHOLD_2_062,11540,17.31
TX_1,HOUSEHOLD_2_062,11541,17.81
TX_1,HOUSEHOLD_2_062,11542,17.34
TX_1,HOUSEHOLD_2_062,11543,18.26
TX_1,HOUSEHOLD_2_062,11544,17.22
TX_1,HOUSEHOLD_2_062,11545,16.91
TX_1,HOUSEHOLD_2_062,11546,16.64
TX_1,HOUSEHOLD_2_062,11547,16.46
TX_1,HOUSEHOLD_2_062,11548,17.93
TX_1,HOUSEHOLD_2_062,11549,16.78
TX_1,HOUSEHOLD_2_062,11550,16.57
TX_1,HOUSEHOLD_2_062,11551,17.11
TX_1,HOUSEHOLD_2_062,11552,17.01
TX_1,HOUSEHOLD_2_062,11553,16.98
TX_1,HOUSEHOLD_2_062,11554,17.82
TX_1,HOUSEHOLD_2_062,11555,17.36
TX_1,HOUSEHOLD_2_062,11556,17.64
TX_1,HOUSEHOLD_2_062,11557,18.25
TX_1,HOUSEHOLD_2_062,11558,16.92
TX_1,HOUSEHOLD_2_062,11559,17.36
TX_1,HOUSEHOLD_2_062,11560,16.66
TX_1,HOUSEHOLD_2_062,11561,17.93
TX_1,HOUSEHOLD_2_062,11562,17.17
TX_1,HOUSEHOLD_2_062,11563,15.93
TX_1,HOUSEHOLD_2_062,11564,16.69
TX_1,HOUSEHOLD_2_062,11565,17.91
TX_1,HOUSEHOLD_2_062,11566,16.47
TX_1,HOUSEHOLD_2_062,11567,17.22
TX_1,HOUSEHOLD_2_062,11568,17.48
TX_1,HOUSEHOLD_2_062,11569,17.51
TX_1,HOUSEHOLD_2_062,11570,18.37
TX_1,HOUSEHOLD_2_062,11571,17.23
TX_1,HOUSEHOLD_2_062,11572,16.85
TX_1,HOUSEHOLD_2_062,11573,16.88
TX_1,HOUSEHOLD_2_062,11574,17.77
TX_1,HOUSEHOLD_2_062,11575,16.2
TX_1,HOUSEHOLD_2_062,11576,17.36
TX_1,HOUSEHOLD_2_062,11577,17.97
TX_1,HOUSEHOLD_2_062,11578,17.3
TX_1,HOUSEHOLD_2_062,11579,17.83
TX_1,HOUSEHOLD_2_062,11580,16.34
TX_1,HOUSEHOLD_2_062,11581,17.81
TX_1,HOUSEHOLD_2_062,11582,17.35
TX_1,HOUSEHOLD_2_062,11583,17.03
TX_1,HOUSEHOLD_2_062,11584,17.04
TX_1,HOUSEHOLD_2_062,11585,18.01
TX_1,HOUSEHOLD_2_062,11586,16.9
TX_1,HOUSEHOLD_2_062,11587,16.92
TX_1,HOUSEHOLD_2_062,11588,17.96
TX_1,HOUSEHOLD_2_062,11589,17.39
TX_1,HOUSEHOLD_2_062,11590,17.48
TX_1,HOUSEHOLD_2_062,11591,16.82
TX_1,HOUSEHOLD_2_062,11592,16.81
TX_1,HOUSEHOLD_2_062,11593,18.02
TX_1,HOUSEHOLD_2_062,11594,17.41
TX_1,HOUSEHOLD_2_062,11595,17.25
TX_1,HOUSEHOLD_2_062,11596,17.12
TX_1,HOUSEHOLD_2_062,11597,17.19
TX_1,HOUSEHOLD_2_062,11598,16.92
TX_1,HOUSEHOLD_2_062,11599,17.43
TX_1,HOUSEHOLD_2_062,11600,16.97
TX_1,HOUSEHOLD_2_062,11601,17.08
TX_1,HOUSEHOLD_2_062,11602,17.46
TX_1,HOUSEHOLD_2_062,11603,17.87
TX_1,HOUSEHOLD_2_062,11604,17.79
TX_1,HOUSEHOLD_2_062,11605,16.98
CA_1,HOUSEHOLD_2_239,11501,30.67
CA_1,HOUSEHOLD_2_239,11502,32.52
CA_1,HOUSEHOLD_2_239,11503,32.61
CA_1,HOUSEHOLD_2_239,11504,32.03
CA_1,HOUSEHOLD_2_239,11505,33.04
CA_1,HOUSEHOLD_2_239,11506,31.54
CA_1,HOUSEHOLD_2_239,11507,32.09
CA_1,HOUSEHOLD_2_239,11508,31.08
CA_1,HOUSEHOLD_2_239,11509,31.91
CA_1,HOUSEHOLD_2_239,11510,31.63
CA_1,HOUSEHOLD_2_239,11511,32.5
CA_1,HOUSEHOLD_2_239,11512,31.71
CA_1,HOUSEHOLD_2_239,11513,32.97
CA_1,HOUSEHOLD_2_239,11514,30.65
CA_1,HOUSEHOLD_2_239,11515,32.47
CA_1,HOUSEHOLD_2_239,11516,29.81
CA_1,HOUSEHOLD_2_239,11517,31.93
CA_1,HOUSEHOLD_2_239,11518,32.96
CA_1,HOUSEHOLD_2_239,11519,31.93
CA_1,HOUSEHOLD_2_239,11520,32.99
CA_1,HOUSEHOLD_2_239,11521,31.22
CA_1,HOUSEHOLD_2_239,11522,32.16
CA_1,HOUSEHOLD_2_239,11523,31.36
CA_1,HOUSEHOLD_2_239,11524,33.2
CA_1,HOUSEHOLD_2_239,11525,31.34
CA_1,HOUSEHOLD_2_239,11526,31.23
CA_1,HOUSEHOLD_2_239,11527,33.03
CA_1,HOUSEHOLD_2_239,11528,31.01
CA_1,HOUSEHOLD_2_239,11529,31.35
CA_1,HOUSEHOLD_2_239,11530,32.46
CA_1,HOUSEHOLD_2_239,11531,32.19
CA_1,HOUSEHOLD_2_239,11532,31.45
CA_1,HOUSEHOLD_2_239,11533,31.92
CA_1,HOUSEHOLD_2_239,11534,33.45
CA_1,HOUSEHOLD_2_239,11535,31.2
CA_1,HOUSEHOLD_2_239,11536,32.02
CA_1,HOUSEHOLD_2_239,11537,31.78
CA_1,HOUSEHOLD_2_239,11538,32.82
CA_1,HOUSEHOLD_2_239,11539,31.03
CA_1,HOUSEHOLD_2_239,11540,31.47
CA_1,HOUSEHOLD_2_239,11541,31.75
CA_1,HOUSEHOLD_2_239,11542,31.46
CA_1,HOUSEHOLD_2_239,11543,32.36
CA_1,HOUSEHOLD_2_239,11544,32.57
CA_1,HOUSEHOLD_2_239,11545,32.35
CA_1,HOUSEHOLD_2_239,11546,30.6
CA_1,HOUSEHOLD_2_239,11547,31.74
CA_1,HOUSEHOLD_2_239,11548,31.81
CA_1,HOUSEHOLD_2_239,11549,31.09
CA_1,HOUSEHOLD_2_239,11550,31.3
CA_1,HOUSEHOLD_2_239,11551,33.43
CA_1,HOUSEHOLD_2_239,11552,32.66
CA_1,HOUSEHOLD_2_239,11553,31.04
CA_1,HOUSEHOLD_2_239,11554,32.53
CA_1,HOUSEHOLD_2_239,11555,32.48
CA_1,HOUSEHOLD_2_239,11556,31.38
CA_1,HOUSEHOLD_2_239,11557,32.4
CA_1,HOUSEHOLD_2_239,11558,31.64
CA_1,HOUSEHOLD_2_239,11559,30.55
CA_1,HOUSEHOLD_2_239,11560,31.65
CA_1,HOUSEHOLD_2_239,11561,31.15
CA_1,HOUSEHOLD_2_239,11562,31.52
CA_1,HOUSEHOLD_2_239,11563,32.42
CA_1,HOUSEHOLD_2_239,11564,32.43
CA_1,HOUSEHOLD_2_239,11565,32.32
CA_1,HOUSEHOLD_2_239,11566,32.27
CA_1,HOUSEHOLD_2_239,11567,31.17
CA_1,HOUSEHOLD_2_239,11568,31.39
CA_1,HOUSEHOLD_2_239,11569,32.96
CA_1,HOUSEHOLD_2_239,11570,33.46
CA_1,HOUSEHOLD_2_239,11571,32.02
CA_1,HOUSEHOLD_2_239,11572,32.27
CA_1,HOUSEHOLD_2_239,11573,33.73
CA_1,HOUSEHOLD_2_239,11574,31.69
CA_1,HOUSEHOLD_2_239,11575,32.17
CA_1,HOUSEHOLD_2_239,11576,31.5
CA_1,HOUSEHOLD_2_239,11577,30.33
CA_1,HOUSEHOLD_2_239,11578,31.56
CA_1,HOUSEHOLD_2_239,11579,32.33
CA_1,HOUSEHOLD_2_239,11580,30.77
CA_1,HOUSEHOLD_2_239,11581,32.43
CA_1,HOUSEHOLD_2_239,11582,31.0
CA_1,HOUSEHOLD_2_239,11583,31.54
CA_1,HOUSEHOLD_2_239,11584,31.88
CA_1,HOUSEHOLD_2_239,11585,31.29
CA_1,HOUSEHOLD_2_239,11586,32.06
CA_1,HOUSEHOLD_2_239,11587,31.94
CA_1,HOUSEHOLD_2_239,11588,32.09
CA_1,HOUSEHOLD_2_239,11589,33.21
CA_1,HOUSEHOLD_2_239,11590,31.38
CA_1,HOUSEHOLD_2_239,11591,32.41
CA_1,HOUSEHOLD_2_239,11592,31.43
CA_1,HOUSEHOLD_2_239,11593,32.04
CA_1,HOUSEHOLD_2_239,11594,32.8
CA_1,HOUSEHOLD_2_239,11595,32.83
CA_1,HOUSEHOLD_2_239,11596,31.66
CA_1,HOUSEHOLD_2_239,11597,32.76
CA_1,HOUSEHOLD_2_239,11598,32.26
CA_1,HOUSEHOLD_2_239,11599,32.13
CA_1,HOUSEHOLD_2_239,11600,32.26
CA_1,HOUSEHOLD_2_239,11601,32.02
CA_1,HOUSEHOLD_2_239,11602,31.34
CA_1,HOUSEHOLD_2_239,11603,31.93
CA_1,HOUSEHOLD_2_239,11604,33.18
CA_1,HOUSEHOLD_2_239,11605,31.54
TX_1,HOUSEHOLD_2_239,11501,35.73
TX_1,HOUSEHOLD_2_239,11502,34.24
TX_1,HOUSEHOLD_2_239,11503,35.66
TX_1,HOUSEHOLD_2_239,11504,33.63
TX_1,HOUSEHOLD_2_239,11505,35.26
TX_1,HOUSEHOLD_2_239,11506,33.45
TX_1,HOUSEHOLD_2_239,11507,35.67
TX_1,HOUSEHOLD_2_239,11508,34.93
TX_1,HOUSEHOLD_2_239,11509,35.77
TX_1,HOUSEHOLD_2_239,11510,33.85
TX_1,HOUSEHOLD_2_239,11511,35.07
TX_1,HOUSEHOLD_2_239,11512,35.44
TX_1,HOUSEHOLD_2_239,11513,35.43
TX_1,HOUSEHOLD_2_239,11514,34.12
TX_1,HOUSEHOLD_2_239,11515,35.03
TX_1,HOUSEHOLD_2_239,11516,34.45
TX_1,HOUSEHOLD_2_239,11517,35.07
TX_1,HOUSEHOLD_2_239,11518,33.44
TX_1,HOUSEHOLD_2_239,11519,36.19
TX_1,HOUSEHOLD_2_239,11520,34.37
TX_1,HOUSEHOLD_2_239,11521,35.32
TX_1,HOUSEHOLD_2_239,11522,33.89
TX_1,HOUSEHOLD_2_239,11523,33.45
TX_1,HOUSEHOLD_2_239,11524,35.48
TX_1,HOUSEHOLD_2_239,11525,35.46
TX_1,HOUSEHOLD_2_239,11526,35.64
TX_1,HOUSEHOLD_2_239,11527,35.21
TX_1,HOUSEHOLD_2_239,11528,35.93
TX_1,HOUSEHOLD_2_239,11529,35.2
TX_1,HOUSEHOLD_2_239,11530,34.09
TX_1,HOUSEHOLD_2_239,11531,37.0
TX_1,HOUSEHOLD_2_239,11532,34.17
TX_1,HOUSEHOLD_2_239,11533,35.63
TX_1,HOUSEHOLD_2_239,11534,35.33
TX_1,HOUSEHOLD_2_239,11535,35.82
TX_1,HOUSEHOLD_2_239,11536,34.82
TX_1,HOUSEHOLD_2_239,11537,35.19
TX_1,HOUSEHOLD_2_239,11538,34.35
TX_1,HOUSEHOLD_2_239,11539,35.41
TX_1,HOUSEHOLD_2_239,11540,33.78
TX_1,HOUSEHOLD_2_239,11541,36.01
TX_1,HOUSEHOLD_2_239,11542,36.95
TX_1,HOUSEHOLD_2_239,11543,35.86
TX_1,HOUSEHOLD_2_239,11544,33.09
TX_1,HOUSEHOLD_2_239,11545,34.43
TX_1,HOUSEHOLD_2_239,11546,35.76
TX_1,HOUSEHOLD_2_239,11547,33.92
TX_1,HOUSEHOLD_2_239,11548,33.72
TX_1,HOUSEHOLD_2_239,11549,35.02
TX_1,HOUSEHOLD_2_239,11550,34.48
TX_1,HOUSEHOLD_2_239,11551,34.43
TX_1,HOUSEHOLD_2_239,11552,33.68
TX_1,HOUSEHOLD_2_239,11553,36.38
TX_1,HOUSEHOLD_2_239,11554,34.05
TX_1,HOUSEHOLD_2_239,11555,34.52
TX_1,HOUSEHOLD_2_239,11556,35.26
TX_1,HOUSEHOLD_2_239,11557,34.7
TX_1,HOUSEHOLD_2_239,11558,34.48
TX_1,HOUSEHOLD_2_239,11559,35.72
TX_1,HOUSEHOLD_2_239,11560,35.22
TX_1,HOUSEHOLD_2_239,11561,35.18
TX_1,HOUSEHOLD_2_239,11562,34.53
TX_1,HOUSEHOLD_2_239,11563,33.75
TX_1,HOUSEHOLD_2_239,11564,35.9
TX_1,HOUSEHOLD_2_239,11565,34.27
TX_1,HOUSEHOLD_2_239,11566,33.71
TX_1,HOUSEHOLD_2_239,11567,34.58
TX_1,HOUSEHOLD_2_239,11568,34.84
TX_1,HOUSEHOLD_2_239,11569,33.66
TX_1,HOUSEHOLD_2_239,11570,34.51
TX_1,HOUSEHOLD_2_239,11571,34.88
TX_1,HOUSEHOLD_2_239,11572,33.77
TX_1,HOUSEHOLD_2_239,11573,35.87
TX_1,HOUSEHOLD_2_239,11574,33.76
TX_1,HOUSEHOLD_2_239,11575,35.46
TX_1,HOUSEHOLD_2_239,11576,35.03
TX_1,HOUSEHOLD_2_239,11577,37.11
TX_1,HOUSEHOLD_2_239,11578,34.95
TX_1,HOUSEHOLD_2_239,11579,33.67
TX_1,HOUSEHOLD_2_239,11580,33.79
TX_1,HOUSEHOLD_2_239,11581,34.62
TX_1,HOUSEHOLD_2_239,11582,32.72
TX_1,HOUSEHOLD_2_239,11583,33.72
TX_1,HOUSEHOLD_2_239,11584,35.44
TX_1,HOUSEHOLD_2_239,11585,36.79
TX_1,HOUSEHOLD_2_239,11586,34.81
TX_1,HOUSEHOLD_2_239,11587,33.97
TX_1,HOUSEHOLD_2_239,11588,35.8
TX_1,HOUSEHOLD_2_239,11589,36.04
TX_1,HOUSEHOLD_2_239,11590,34.5
TX_1,HOUSEHOLD_2_239,11591,35.44
TX_1,HOUSEHOLD_2_239,11592,36.04
TX_1,HOUSEHOLD_2_239,11593,35.19
TX_1,HOUSEHOLD_2_239,11594,34.3
TX_1,HOUSEHOLD_2_239,11595,34.44
TX_1,HOUSEHOLD_2_239,11596,33.82
TX_1,HOUSEHOLD_2_239,11597,34.21
TX_1,HOUSEHOLD_2_239,11598,35.44
TX_1,HOUSEHOLD_2_239,11599,34.71
TX_1,HOUSEHOLD_2_239,11600,33.57
TX_1,HOUSEHOLD_2_239,11601,35.2
TX_1,HOUSEHOLD_2_239,11602,35.86
TX_1,HOUSEHOLD_2_239,11603,34.74
TX_1,HOUSEHOLD_2_239,11604,34.83
TX_1,HOUSEHOLD_2_239,11605,36.18
CA_1,HOBBIES_1_115,11501,29.06
CA_1,HOBBIES_1_115,11502,29.69
CA_1,HOBBIES_1_115,11503,29.51
CA_1,HOBBIES_1_115,11504,28.59
CA_1,HOBBIES_1_115,11505,28.95
CA_1,HOBBIES_1_115,11506,28.76
CA_1,HOBBIES_1_115,11507,30.09
CA_1,HOBBIES_1_115,11508,28.98
CA_1,HOBBIES_1_115,11509,28.93
CA_1,HOBBIES_1_115,11510,30.01
CA_1,HOBBIES_1_115,11511,28.8
CA_1,HOBBIES_1_115,11512,28.43
CA_1,HOBBIES_1_115,11513,27.12
CA_1,HOBBIES_1_115,11514,28.36
CA_1,HOBBIES_1_115,11515,28.81
CA_1,HOBBIES_1_115,11516,29.38
CA_1,HOBBIES_1_115,11517,28.67
CA_1,HOBBIES_1_115,11518,28.05
CA_1,HOBBIES_1_115,11519,28.96
CA_1,HOBBIES_1_115,11520,27.41
CA_1,HOBBIES_1_115,11521,29.6
CA_1,HOBBIES_1_115,11522,29.7
CA_1,HOBBIES_1_115,11523,27.42
CA_1,HOBBIES_1_115,11524,28.07
CA_1,HOBBIES_1_115,11525,28.93
CA_1,HOBBIES_1_115,11526,29.93
CA_1,HOBBIES_1_115,11527,28.63
CA_1,HOBBIES_1_115,11528,28.95
CA_1,HOBBIES_1_115,11529,28.85
CA_1,HOBBIES_1_115,11530,27.56
CA_1,HOBBIES_1_115,11531,28.43
CA_1,HOBBIES_1_115,11532,28.13
CA_1,HOBBIES_1_115,11533,28.84
CA_1,HOBBIES_1_115,11534,28.18
CA_1,HOBBIES_1_115,11535,28.7
CA_1,HOBBIES_1_115,11536,28.63
CA_1,HOBBIES_1_115,11537,28.69
CA_1,HOBBIES_1_115,11538,29.44
CA_1,HOBBIES_1_115,11539,28.95
CA_1,HOBBIES_1_115,11540,28.5
CA_1,HOBBIES_1_115,11541,29.03
CA_1,HOBBIES_1_115,11542,28.28
CA_1,HOBBIES_1_115,11543,27.9
CA_1,HOBBIES_1_115,11544,29.44
CA_1,HOBBIES_1_115,11545,28.2
CA_1,HOBBIES_1_115,11546,27.95
CA_1,HOBBIES_1_115,11547,29.76
CA_1,HOBBIES_1_115,11548,29.3
CA_1,HOBBIES_1_115,11549,28.54
CA_1,HOBBIES_1_115,11550,29.31
CA_1,HOBBIES_1_115,11551,28.34
CA_1,HOBBIES_1_115,11552,29.02
CA_1,HOBBIES_1_115,11553,28.71
CA_1,HOBBIES_1_115,11554,28.41
CA_1,HOBBIES_1_115,11555,28.86
CA_1,HOBBIES_1_115,11556,27.87
CA_1,HOBBIES_1_115,11557,28.26
CA_1,HOBBIES_1_115,11558,27.2
CA_1,HOBBIES_1_115,11559,28.44
CA_1,HOBBIES_1_115,11560,28.85
CA_1,HOBBIES_1_115,11561,27.64
CA_1,HOBBIES_1_115,11562,28.94
CA_1,HOBBIES_1_115,11563,27.1
CA_1,HOBBIES_1_115,11564,28.25
CA_1,HOBBIES_1_115,11565,28.6
CA_1,HOBBIES_1_115,11566,28.66
CA_1,HOBBIES_1_115,11567,28.84
CA_1,HOBBIES_1_115,11568,27.48
CA_1,HOBBIES_1_115,11569,28.79
CA_1,HOBBIES_1_115,11570,29.16
CA_1,HOBBIES_1_115,11571,28.35
CA_1,HOBBIES_1_115,11572,28.5
CA_1,HOBBIES_1_115,11573,27.64
CA_1,HOBBIES_1_115,11574,29.29
CA_1,HOBBIES_1_115,11575,27.76
CA_1,HOBBIES_1_115,11576,29.44
CA_1,HOBBIES_1_115,11577,30.24
CA_1,HOBBIES_1_115,11578,28.31
CA_1,HOBBIES_1_115,11579,28.12
CA_1,HOBBIES_1_115,11580,28.54
CA_1,HOBBIES_1_115,11581,29.38
CA_1,HOBBIES_1_115,11582,28.02
CA_1,HOBBIES_1_115,11583,27.13
CA_1,HOBBIES_1_115,11584,29.48
CA_1,HOBBIES_1_115,11585,28.69
CA_1,HOBBIES_1_115,11586,28.51
CA_1,HOBBIES_1_115,11587,28.71
CA_1,HOBBIES_1_115,11588,28.08
CA_1,HOBBIES_1_115,11589,28.53
CA_1,HOBBIES_1_115,11590,28.86
CA_1,HOBBIES_1_115,11591,29.02
CA_1,HOBBIES_1_115,11592,28.69
CA_1,HOBBIES_1_115,11593,26.94
CA_1,HOBBIES_1_115,11594,28.43
CA_1,HOBBIES_1_115,11595,28.7
CA_1,HOBBIES_1_115,11596,28.76
CA_1,HOBBIES_1_115,11597,28.36
CA_1,HOBBIES_1_115,11598,30.07
CA_1,HOBBIES_1_115,11599,28.34
CA_1,HOBBIES_1_115,11600,28.98
CA_1,HOBBIES_1_115,11601,28.33
CA_1,HOBBIES_1_115,11602,29.0
CA_1,HOBBIES_1_115,11603,27.6
CA_1,HOBBIES_1_115,11604,29.74
CA_1,HOBBIES_1_115,11605,28.9
TX_1,HOBBIES_1_115,11501,27.84
TX_1,HOBBIES_1_115,11502,27.6
TX_1,HOBBIES_1_115,11503,27.87
TX_1,HOBBIES_1_115,11504,28.1
TX_1,HOBBIES_1_115,11505,27.72
TX_1,HOBBIES_1_115,11506,28.64
TX_1,HOBBIES_1_115,11507,29.68
TX_1,HOBBIES_1_115,11508,27.96
TX_1,HOBBIES_1_115,11509,26.55
TX_1,HOBBIES_1_115,11510,27.88
TX_1,HOBBIES_1_115,11511,28.05
TX_1,HOBBIES_1_115,11512,28.65
TX_1,HOBBIES_1_115,11513,27.62
TX_1,HOBBIES_1_115,11514,27.63
TX_1,HOBBIES_1_115,11515,27.62
TX_1,HOBBIES_1_115,11516,27.22
TX_1,HOBBIES_1_115,11517,26.87
TX_1,HOBBIES_1_115,11518,28.18
TX_1,HOBBIES_1_115,11519,27.1
TX_1,HOBBIES_1_115,11520,27.91
TX_1,HOBBIES_1_115,11521,28.58
TX_1,HOBBIES_1_115,11522,27.48
TX_1,HOBBIES_1_115,11523,28.92
TX_1,HOBBIES_1_115,11524,27.61
TX_1,HOBBIES_1_115,11525,27.05
TX_1,HOBBIES_1_115,11526,27.83
TX_1,HOBBIES_1_115,11527,28.36
TX_1,HOBBIES_1_115,11528,28.68
TX_1,HOBBIES_1_115,11529,28.39
TX_1,HOBBIES_1_115,11530,29.36
TX_1,HOBBIES_1_115,11531,28.26
TX_1,HOBBIES_1_115,11532,27.75
TX_1,HOBBIES_1_115,11533,28.08
TX_1,HOBBIES_1_115,11534,27.21
TX_1,HOBBIES_1_115,11535,28.71
TX_1,HOBBIES_1_115,11536,27.15
TX_1,HOBBIES_1_115,11537,27.4
TX_1,HOBBIES_1_115,11538,28.03
TX_1,HOBBIES_1_115,11539,27.46
TX_1,HOBBIES_1_115,11540,28.39
TX_1,HOBBIES_1_115,11541,28.33
TX_1,HOBBIES_1_115,11542,28.63
TX_1,HOBBIES_1_115,11543,28.53
TX_1,HOBBIES_1_115,11544,28.28
TX_1,HOBBIES_1_115,11545,28.07
TX_1,HOBBIES_1_115,11546,28.62
TX_1,HOBBIES_1_115,11547,28.13
TX_1,HOBBIES_1_115,11548,29.11
TX_1,HOBBIES_1_115,11549,28.76
TX_1,HOBBIES_1_115,11550,27.94
TX_1,HOBBIES_1_115,11551,28.96
TX_1,HOBBIES_1_115,11552,29.19
TX_1,HOBBIES_1_115,11553,29.62
TX_1,HOBBIES_1_115,11554,28.93
TX_1,HOBBIES_1_115,11555,27.38
TX_1,HOBBIES_1_115,11556,27.46
TX_1,HOBBIES_1_115,11557,27.39
TX_1,HOBBIES_1_115,11558,28.84
TX_1,HOBBIES_1_115,11559,29.92
TX_1,HOBBIES_1_115,11560,28.39
TX_1,HOBBIES_1_115,11561,28.16
TX_1,HOBBIES_1_115,11562,28.48
TX_1,HOBBIES_1_115,11563,28.53
TX_1,HOBBIES_1_115,11564,29.02
TX_1,HOBBIES_1_115,11565,27.72
TX_1,HOBBIES_1_115,11566,28.45
TX_1,HOBBIES_1_115,11567,28.7
TX_1,HOBBIES_1_115,11568,28.31
TX_1,HOBBIES_1_115,11569,27.03
TX_1,HOBBIES_1_115,11570,26.81
TX_1,HOBBIES_1_115,11571,27.16
TX_1,HOBBIES_1_115,11572,28.91
TX_1,HOBBIES_1_115,11573,29.24
TX_1,HOBBIES_1_115,11574,27.36
TX_1,HOBBIES_1_115,11575,28.7
TX_1,HOBBIES_1_115,11576,26.7
TX_1,HOBBIES_1_115,11577,27.69
TX_1,HOBBIES_1_115,11578,28.39
TX_1,HOBBIES_1_115,11579,28.72
TX_1,HOBBIES_1_115,11580,27.65
TX_1,HOBBIES_1_115,11581,28.06
TX_1,HOBBIES_1_115,11582,28.08
TX_1,HOBBIES_1_115,11583,27.19
TX_1,HOBBIES_1_115,11584,28.87
TX_1,HOBBIES_1_115,11585,28.27
TX_1,HOBBIES_1_115,11586,27.57
TX_1,HOBBIES_1_115,11587,28.08
TX_1,HOBBIES_1_115,11588,28.9
TX_1,HOBBIES_1_115,11589,27.56
TX_1,HOBBIES_1_115,11590,27.32
TX_1,HOBBIES_1_115,11591,27.35
TX_1,HOBBIES_1_115,11592,29.82
TX_1,HOBBIES_1_115,11593,28.75
TX_1,HOBBIES_1_115,11594,27.44
TX_1,HOBBIES_1_115,11595,28.21
TX_1,HOBBIES_1_115,11596,28.31
TX_1,HOBBIES_1_115,11597,28.17
TX_1,HOBBIES_1_115,11598,27.73
TX_1,HOBBIES_1_115,11599,27.15
TX_1,HOBBIES_1_115,11600,27.62
TX_1,HOBBIES_1_115,11601,27.77
TX_1,HOBBIES_1_115,11602,28.71
TX_1,HOBBIES_1_115,11603,28.25
TX_1,HOBBIES_1_115,11604,28.52
TX_1,HOBBIES_1_115,11605,27.34
CA_1,HOBBIES_1_330,11501,20.13
CA_1,HOBBIES_1_330,11502,18.99
CA_1,HOBBIES_1_330,11503,20.44
CA_1,HOBBIES_1_330,11504,19.67
CA_1,HOBBIES_1_330,11505,19.93
CA_1,HOBBIES_1_330,11506,18.68
CA_1,HOBBIES_1_330,11507,19.97
CA_1,HOBBIES_1_330,11508,19.19
CA_1,HOBBIES_1_330,11509,19.65
CA_1,HOBBIES_1_330,11510,19.03
CA_1,HOBBIES_1_330,11511,20.1
CA_1,HOBBIES_1_330,11512,19.09
CA_1,HOBBIES_1_330,11513,19.84
CA_1,HOBBIES_1_330,11514,19.79
CA_1,HOBBIES_1_330,11515,19.75
CA_1,HOBBIES_1_330,11516,19.52
CA_1,HOBBIES_1_330,11517,19.88
CA_1,HOBBIES_1_330,11518,19.58
CA_1,HOBBIES_1_330,11519,19.48
CA_1,HOBBIES_1_330,11520,19.97
CA_1,HOBBIES_1_330,11521,20.62
CA_1,HOBBIES_1_330,11522,19.6
CA_1,HOBBIES_1_330,11523,18.96
CA_1,HOBBIES_1_330,11524,19.48
CA_1,HOBBIES_1_330,11525,19.93
CA_1,HOBBIES_1_330,11526,19.44
CA_1,HOBBIES_1_330,11527,18.91
CA_1,HOBBIES_1_330,11528,19.74
CA_1,HOBBIES_1_330,11529,19.51
CA_1,HOBBIES_1_330,11530,19.3
CA_1,HOBBIES_1_330,11531,19.75
CA_1,HOBBIES_1_330,11532,20.05
CA_1,HOBBIES_1_330,11533,19.41
CA_1,HOBBIES_1_330,11534,20.01
CA_1,HOBBIES_1_330,11535,19.67
CA_1,HOBBIES_1_330,11536,19.12
CA_1,HOBBIES_1_330,11537,18.66
CA_1,HOBBIES_1_330,11538,19.72
CA_1,HOBBIES_1_330,11539,19.58
CA_1,HOBBIES_1_330,11540,19.26
CA_1,HOBBIES_1_330,11541,19.32
CA_1,HOBBIES_1_330,11542,19.04
CA_1,HOBBIES_1_330,11543,19.74
CA_1,HOBBIES_1_330,11544,19.1
CA_1,HOBBIES_1_330,11545,19.48
CA_1,HOBBIES_1_330,11546,19.38
CA_1,HOBBIES_1_330,11547,18.88
CA_1,HOBBIES_1_330,11548,19.91
CA_1,HOBBIES_1_330,11549,19.53
CA_1,HOBBIES_1_330,11550,20.78
CA_1,HOBBIES_1_330,11551,19.19
CA_1,HOBBIES_1_330,11552,20.49
CA_1,HOBBIES_1_330,11553,19.64
CA_1,HOBBIES_1_330,11554,19.38
CA_1,HOBBIES_1_330,11555,19.13
CA_1,HOBBIES_1_330,11556,18.96
CA_1,HOBBIES_1_330,11557,19.3
CA_1,HOBBIES_1_330,11558,19.25
CA_1,HOBBIES_1_330,11559,19.41
CA_1,HOBBIES_1_330,11560,19.25
CA_1,HOBBIES_1_330,11561,20.05
CA_1,HOBBIES_1_330,11562,19.08
CA_1,HOBBIES_1_330,11563,19.25
CA_1,HOBBIES_1_330,11564,19.48
CA_1,HOBBIES_1_330,11565,19.21
CA_1,HOBBIES_1_330,11566,20.07
CA_1,HOBBIES_1_330,11567,19.16
CA_1,HOBBIES_1_330,11568,19.45
CA_1,HOBBIES_1_330,11569,19.41
CA_1,HOBBIES_1_330,11570,19.42
CA_1,HOBBIES_1_330,11571,20.65
CA_1,HOBBIES_1_330,11572,20.22
CA_1,HOBBIES_1_330,11573,19.85
CA_1,HOBBIES_1_330,11574,19.74
CA_1,HOBBIES_1_330,11575,20.5
CA_1,HOBBIES_1_330,11576,19.51
CA_1,HOBBIES_1_330,11577,19.45
CA_1,HOBBIES_1_330,11578,19.56
CA_1,HOBBIES_1_330,11579,19.53
CA_1,HOBBIES_1_330,11580,19.74
CA_1,HOBBIES_1_330,11581,19.63
CA_1,HOBBIES_1_330,11582,18.54
CA_1,HOBBIES_1_330,11583,19.72
CA_1,HOBBIES_1_330,11584,19.83
CA_1,HOBBIES_1_330,11585,19.82
CA_1,HOBBIES_1_330,11586,19.27
CA_1,HOBBIES_1_330,11587,18.91
CA_1,HOBBIES_1_330,11588,20.15
CA_1,HOBBIES_1_330,11589,19.43
CA_1,HOBBIES_1_330,11590,19.37
CA_1,HOBBIES_1_330,11591,19.3
CA_1,HOBBIES_1_330,11592,19.84
CA_1,HOBBIES_1_330,11593,20.05
CA_1,HOBBIES_1_330,11594,19.8
CA_1,HOBBIES_1_330,11595,19.78
CA_1,HOBBIES_1_330,11596,19.42
CA_1,HOBBIES_1_330,11597,19.38
CA_1,HOBBIES_1_330,11598,19.41
CA_1,HOBBIES_1_330,11599,19.79
CA_1,HOBBIES_1_330,11600,19.33
CA_1,HOBBIES_1_330,11601,19.87
CA_1,HOBBIES_1_330,11602,19.91
CA_1,HOBBIES_1_330,11603,19.93
CA_1,HOBBIES_1_330,11604,19.4
CA_1,HOBBIES_1_330,11605,19.18
TX_1,HOBBIES_1_330,11501,26.96
TX_1,HOBBIES_1_330,11502,26.86
TX_1,HOBBIES_1_330,11503,26.54
TX_1,HOBBIES_1_330,11504,26.44
TX_1,HOBBIES_1_330,11505,26.67
TX_1,HOBBIES_1_330,11506,27.26
TX_1,HOBBIES_1_330,11507,26.29
TX_1,HOBBIES_1_330,11508,27.98
TX_1,HOBBIES_1_330,11509,27.21
TX_1,HOBBIES_1_330,11510,26.55
TX_1,HOBBIES_1_330,11511,27.34
TX_1,HOBBIES_1_330,11512,26.27
TX_1,HOBBIES_1_330,11513,26.97
TX_1,HOBBIES_1_330,11514,27.15
TX_1,HOBBIES_1_330,11515,27.3
TX_1,HOBBIES_1_330,11516,26.77
TX_1,HOBBIES_1_330,11517,26.14
TX_1,HOBBIES_1_330,11518,26.85
TX_1,HOBBIES_1_330,11519,27.68
TX_1,HOBBIES_1_330,11520,26.41
TX_1,HOBBIES_1_330,11521,26.39
TX_1,HOBBIES_1_330,11522,26.7
TX_1,HOBBIES_1_330,11523,27.24
TX_1,HOBBIES_1_330,11524,26.12
TX_1,HOBBIES_1_330,11525,26.45
TX_1,HOBBIES_1_330,11526,26.18
TX_1,HOBBIES_1_330,11527,27.78
TX_1,HOBBIES_1_330,11528,26.23
TX_1,HOBBIES_1_330,11529,26.94
TX_1,HOBBIES_1_330,11530,26.41
TX_1,HOBBIES_1_330,11531,27.12
TX_1,HOBBIES_1_330,11532,27.5
TX_1,HOBBIES_1_330,11533,26.74
TX_1,HOBBIES_1_330,11534,27.37
TX_1,HOBBIES_1_330,11535,27.25
TX_1,HOBBIES_1_330,11536,27.02
TX_1,HOBBIES_1_330,11537,27.45
TX_1,HOBBIES_1_330,11538,28.37
TX_1,HOBBIES_1_330,11539,27.69
TX_1,HOBBIES_1_330,11540,25.79
TX_1,HOBBIES_1_330,11541,25.94
TX_1,HOBBIES_1_330,11542,26.8
TX_1,HOBBIES_1_330,11543,25.5
TX_1,HOBBIES_1_330,11544,26.76
TX_1,HOBBIES_1_330,11545,25.84
TX_1,HOBBIES_1_330,11546,26.97
TX_1,HOBBIES_1_330,11547,27.12
TX_1,HOBBIES_1_330,11548,26.76
TX_1,HOBBIES_1_330,11549,26.63
TX_1,HOBBIES_1_330,11550,26.38
TX_1,HOBBIES_1_330,11551,26.92
TX_1,HOBBIES_1_330,11552,26.04
TX_1,HOBBIES_1_330,11553,26.25
TX_1,HOBBIES_1_330,11554,27.14
TX_1,HOBBIES_1_330,11555,26.62
TX_1,HOBBIES_1_330,11556,26.54
TX_1,HOBBIES_1_330,11557,27.5
TX_1,HOBBIES_1_330,11558,26.83
TX_1,HOBBIES_1_330,11559,26.54
TX_1,HOBBIES_1_330,11560,27.31
TX_1,HOBBIES_1_330,11561,26.25
TX_1,HOBBIES_1_330,11562,24.71
TX_1,HOBBIES_1_330,11563,27.78
TX_1,HOBBIES_1_330,11564,26.06
TX_1,HOBBIES_1_330,11565,27.98
TX_1,HOBBIES_1_330,11566,26.48
TX_1,HOBBIES_1_330,11567,25.59
TX_1,HOBBIES_1_330,11568,26.23
TX_1,HOBBIES_1_330,11569,27.11
TX_1,HOBBIES_1_330,11570,27.9
TX_1,HOBBIES_1_330,11571,27.46
TX_1,HOBBIES_1_330,11572,27.54
TX_1,HOBBIES_1_330,11573,26.01
TX_1,HOBBIES_1_330,11574,27.41
TX_1,HOBBIES_1_330,11575,26.7
TX_1,HOBBIES_1_330,11576,28.04
TX_1,HOBBIES_1_330,11577,27.17
TX_1,HOBBIES_1_330,11578,27.12
TX_1,HOBBIES_1_330,11579,25.93
TX_1,HOBBIES_1_330,11580,27.29
TX_1,HOBBIES_1_330,11581,26.45
TX_1,HOBBIES_1_330,11582,27.32
TX_1,HOBBIES_1_330,11583,26.73
TX_1,HOBBIES_1_330,11584,26.52
TX_1,HOBBIES_1_330,11585,27.2
TX_1,HOBBIES_1_330,11586,26.97
TX_1,HOBBIES_1_330,11587,26.02
TX_1,HOBBIES_1_330,11588,27.88
TX_1,HOBBIES_1_330,11589,26.72
TX_1,HOBBIES_1_330,11590,27.44
TX_1,HOBBIES_1_330,11591,26.78
TX_1,HOBBIES_1_330,11592,26.27
TX_1,HOBBIES_1_330,11593,26.73
TX_1,HOBBIES_1_330,11594,27.24
TX_1,HOBBIES_1_330,11595,28.48
TX_1,HOBBIES_1_330,11596,27.54
TX_1,HOBBIES_1_330,11597,26.5
TX_1,HOBBIES_1_330,11598,25.84
TX_1,HOBBIES_1_330,11599,26.88
TX_1,HOBBIES_1_330,11600,26.9
TX_1,HOBBIES_1_330,11601,27.53
TX_1,HOBBIES_1_330,11602,27.75
TX_1,HOBBIES_1_330,11603,27.29
TX_1,HOBBIES_1_330,11604,27.5
TX_1,HOBBIES_1_330,11605,26.73
